Order ID,Product,Quantity Ordered,Price Each,Order Date,Purchase Address
141234,iPhone,1,700,01/22/19 21:25,"944 Walnut St, Boston, MA 02215"
141235,Lightning Charging Cable,1,14.95,01/28/19 14:15,"185 Maple St, Portland, OR 97035"
141236,Wired Headphones,2,11.99,01/17/19 13:33,"538 Adams St, San Francisco, CA 94016"
141237,27in FHD Monitor,1,149.99,01-05-2019 20:33,"738 10th St, Los Angeles, CA 90001"
141238,Wired Headphones,1,11.99,01/25/19 11:59,"387 10th St, Austin, TX 73301"
141239,AAA Batteries (4-pack),1,2.99,01/29/19 20:22,"775 Willow St, San Francisco, CA 94016"
141240,27in 4K Gaming Monitor,1,389.99,01/26/19 12:16,"979 Park St, Los Angeles, CA 90001"
141241,USB-C Charging Cable,1,11.95,01-05-2019 12:04,"181 6th St, San Francisco, CA 94016"
141242,Bose SoundSport Headphones,1,99.99,01-01-2019 10:30,"867 Willow St, Los Angeles, CA 90001"
141243,Apple Airpods Headphones,1,150,01/22/19 21:20,"657 Johnson St, San Francisco, CA 94016"
141244,Apple Airpods Headphones,1,150,01-07-2019 11:29,"492 Walnut St, San Francisco, CA 94016"
141245,Macbook Pro Laptop,1,1700,01/31/19 10:12,"322 6th St, San Francisco, CA 94016"
141246,AAA Batteries (4-pack),3,2.99,01-09-2019 18:57,"618 7th St, Los Angeles, CA 90001"
141247,27in FHD Monitor,1,149.99,01/25/19 19:19,"512 Wilson St, San Francisco, CA 94016"
141248,Flatscreen TV,1,300,01-03-2019 21:54,"363 Spruce St, Austin, TX 73301"
141249,27in FHD Monitor,1,149.99,01-05-2019 17:20,"440 Cedar St, Portland, OR 97035"
141250,Vareebadd Phone,1,400,01-10-2019 11:20,"471 Center St, Los Angeles, CA 90001"
141251,Apple Airpods Headphones,1,150,01/24/19 08:13,"414 Walnut St, Boston, MA 02215"
141252,USB-C Charging Cable,1,11.95,01/30/19 09:28,"220 9th St, Los Angeles, CA 90001"
141253,AA Batteries (4-pack),1,3.84,01/17/19 00:09,"385 11th St, Atlanta, GA 30301"
141254,AAA Batteries (4-pack),1,2.99,01-08-2019 11:51,"238 Sunset St, Seattle, WA 98101"
141255,USB-C Charging Cable,1,11.95,01-09-2019 20:55,"764 11th St, Los Angeles, CA 90001"
141256,Google Phone,1,600,01/29/19 10:40,"675 Washington St, Portland, OR 97035"
141257,Apple Airpods Headphones,1,150,01-12-2019 18:51,"338 Highland St, San Francisco, CA 94016"
141258,AA Batteries (4-pack),1,3.84,01/19/19 21:47,"820 1st St, San Francisco, CA 94016"
141259,AAA Batteries (4-pack),2,2.99,01/20/19 17:26,"920 Adams St, San Francisco, CA 94016"
141260,AAA Batteries (4-pack),1,2.99,01-01-2019 22:00,"293 Hill St, San Francisco, CA 94016"
141261,USB-C Charging Cable,1,11.95,01-09-2019 18:14,"840 Lincoln St, Atlanta, GA 30301"
141262,AAA Batteries (4-pack),1,2.99,01/16/19 12:35,"291 Lincoln St, San Francisco, CA 94016"
141263,Bose SoundSport Headphones,1,99.99,01-11-2019 23:33,"640 Spruce St, Boston, MA 02215"
141264,Apple Airpods Headphones,1,150,01-03-2019 09:46,"937 Highland St, New York City, NY 10001"
141265,Apple Airpods Headphones,1,150,01-01-2019 16:52,"853 Ridge St, Boston, MA 02215"
141266,27in 4K Gaming Monitor,1,389.99,01-02-2019 22:21,"834 4th St, Dallas, TX 75001"
141267,Apple Airpods Headphones,1,150,01-09-2019 08:28,"649 Sunset St, Los Angeles, CA 90001"
141268,AA Batteries (4-pack),1,3.84,01/14/19 10:13,"611 Elm St, New York City, NY 10001"
141269,27in 4K Gaming Monitor,1,389.99,01-03-2019 20:05,"812 Jefferson St, Los Angeles, CA 90001"
141270,Wired Headphones,1,11.99,01/27/19 23:10,"469 Hill St, San Francisco, CA 94016"
141271,USB-C Charging Cable,1,11.95,01/30/19 10:51,"90 13th St, Boston, MA 02215"
141272,AAA Batteries (4-pack),1,2.99,01-12-2019 13:09,"818 Lincoln St, New York City, NY 10001"
141273,Wired Headphones,2,11.99,01/29/19 12:04,"994 13th St, Boston, MA 02215"
141274,USB-C Charging Cable,1,11.95,01/17/19 11:30,"8 Jackson St, Los Angeles, CA 90001"
141275,USB-C Charging Cable,1,11.95,01-07-2019 16:06,"610 Walnut St, Austin, TX 73301"
141275,Wired Headphones,1,11.99,01-07-2019 16:06,"610 Walnut St, Austin, TX 73301"
141276,Lightning Charging Cable,1,14.95,01/21/19 22:23,"63 Cherry St, Los Angeles, CA 90001"
141277,Bose SoundSport Headphones,1,99.99,01/13/19 19:07,"370 Lakeview St, Austin, TX 73301"
141278,Lightning Charging Cable,1,14.95,01/26/19 12:14,"100 Cherry St, New York City, NY 10001"
141279,Lightning Charging Cable,1,14.95,01-03-2019 19:10,"938 14th St, Boston, MA 02215"
141280,AAA Batteries (4-pack),1,2.99,01/20/19 16:10,"530 7th St, Los Angeles, CA 90001"
141281,Lightning Charging Cable,1,14.95,01-05-2019 16:51,"274 2nd St, Atlanta, GA 30301"
141282,Vareebadd Phone,1,400,01-11-2019 18:10,"125 Center St, New York City, NY 10001"
141283,Flatscreen TV,1,300,01-02-2019 16:16,"68 Hickory St, Seattle, WA 98101"
141284,Wired Headphones,1,11.99,01/29/19 18:30,"462 1st St, Los Angeles, CA 90001"
141285,AAA Batteries (4-pack),3,2.99,01/14/19 14:13,"447 Cedar St, Seattle, WA 98101"
141286,27in 4K Gaming Monitor,1,389.99,01-02-2019 20:33,"505 Hickory St, Dallas, TX 75001"
141287,Bose SoundSport Headphones,1,99.99,01/31/19 08:38,"386 Elm St, San Francisco, CA 94016"
141288,Macbook Pro Laptop,1,1700,01/19/19 08:17,"789 Washington St, Los Angeles, CA 90001"
141289,20in Monitor,1,109.99,01/28/19 11:17,"534 Elm St, Atlanta, GA 30301"
141290,Apple Airpods Headphones,1,150,01-02-2019 08:25,"4 1st St, Los Angeles, CA 90001"
141290,AA Batteries (4-pack),3,3.84,01-02-2019 08:25,"4 1st St, Los Angeles, CA 90001"
141291,AA Batteries (4-pack),1,3.84,01/26/19 18:11,"632 13th St, Los Angeles, CA 90001"
141292,AAA Batteries (4-pack),1,2.99,01/21/19 08:46,"847 Ridge St, Los Angeles, CA 90001"
141293,USB-C Charging Cable,1,11.95,01/18/19 12:21,"880 Washington St, Boston, MA 02215"
141294,Bose SoundSport Headphones,1,99.99,01/25/19 08:12,"907 Highland St, San Francisco, CA 94016"
141295,AA Batteries (4-pack),1,3.84,01-06-2019 20:06,"898 Lakeview St, Austin, TX 73301"
141296,USB-C Charging Cable,1,11.95,01/20/19 00:21,"889 Cedar St, Atlanta, GA 30301"
141297,Lightning Charging Cable,1,14.95,01-04-2019 11:09,"566 Highland St, San Francisco, CA 94016"
141298,Lightning Charging Cable,1,14.95,01/21/19 13:24,"81 10th St, Dallas, TX 75001"
141299,AAA Batteries (4-pack),1,2.99,01/31/19 23:23,"836 Hill St, Dallas, TX 75001"
141300,Apple Airpods Headphones,1,150,01/23/19 10:21,"121 Cherry St, Boston, MA 02215"
141301,Apple Airpods Headphones,1,150,01/27/19 11:58,"867 Hill St, New York City, NY 10001"
141302,AAA Batteries (4-pack),2,2.99,01/18/19 20:12,"90 14th St, Portland, OR 97035"
141303,AA Batteries (4-pack),1,3.84,01/19/19 09:23,"313 14th St, Seattle, WA 98101"
141304,USB-C Charging Cable,1,11.95,01/28/19 13:10,"363 Willow St, Los Angeles, CA 90001"
141305,AAA Batteries (4-pack),3,2.99,01/27/19 16:51,"756 Wilson St, Austin, TX 73301"
141306,Wired Headphones,1,11.99,01/19/19 10:25,"458 Forest St, San Francisco, CA 94016"
141307,AAA Batteries (4-pack),1,2.99,01-11-2019 11:18,"895 Johnson St, Boston, MA 02215"
141308,27in FHD Monitor,1,149.99,01-12-2019 12:00,"926 Cedar St, Portland, OR 97035"
141309,AAA Batteries (4-pack),2,2.99,01/20/19 07:02,"423 Elm St, San Francisco, CA 94016"
141310,AAA Batteries (4-pack),1,2.99,01-07-2019 13:32,"679 8th St, San Francisco, CA 94016"
141311,34in Ultrawide Monitor,1,379.99,01/28/19 12:45,"223 North St, Atlanta, GA 30301"
141312,Apple Airpods Headphones,1,150,01-08-2019 23:20,"741 11th St, San Francisco, CA 94016"
141313,Lightning Charging Cable,1,14.95,01-09-2019 15:03,"38 Johnson St, Los Angeles, CA 90001"
141314,Macbook Pro Laptop,1,1700,01/13/19 23:51,"700 Jefferson St, New York City, NY 10001"
141315,USB-C Charging Cable,1,11.95,01-10-2019 01:32,"842 8th St, Seattle, WA 98101"
141316,AAA Batteries (4-pack),3,2.99,01-01-2019 07:26,"235 South St, Seattle, WA 98101"
141317,27in FHD Monitor,1,149.99,01/21/19 11:18,"875 Meadow St, New York City, NY 10001"
141318,Bose SoundSport Headphones,1,99.99,01-09-2019 15:21,"789 Lakeview St, Boston, MA 02215"
141319,Bose SoundSport Headphones,1,99.99,01-01-2019 10:43,"548 Maple St, Boston, MA 02215"
141320,AA Batteries (4-pack),1,3.84,01/24/19 13:37,"326 12th St, Los Angeles, CA 90001"
141321,Bose SoundSport Headphones,1,99.99,01-10-2019 09:07,"207 8th St, Los Angeles, CA 90001"
141322,AAA Batteries (4-pack),2,2.99,01-12-2019 21:56,"816 Lake St, Boston, MA 02215"
141323,USB-C Charging Cable,1,11.95,01/17/19 21:54,"240 River St, New York City, NY 10001"
141324,USB-C Charging Cable,1,11.95,01-04-2019 23:36,"851 Maple St, San Francisco, CA 94016"
141325,Bose SoundSport Headphones,1,99.99,01/23/19 15:17,"880 Lake St, Austin, TX 73301"
141326,Google Phone,1,600,01-05-2019 13:49,"131 Center St, San Francisco, CA 94016"
141327,USB-C Charging Cable,1,11.95,01/31/19 01:38,"238 Washington St, Los Angeles, CA 90001"
141328,ThinkPad Laptop,1,999.99,01-06-2019 23:18,"736 5th St, Seattle, WA 98101"
141329,USB-C Charging Cable,1,11.95,01-01-2019 16:01,"122 5th St, Portland, ME 04101"
141330,Wired Headphones,1,11.99,01/21/19 13:04,"391 5th St, Portland, OR 97035"
141331,Flatscreen TV,1,300,01-09-2019 18:32,"299 Park St, San Francisco, CA 94016"
141332,USB-C Charging Cable,1,11.95,01/19/19 18:52,"207 7th St, Los Angeles, CA 90001"
141333,27in FHD Monitor,1,149.99,01-01-2019 13:58,"554 10th St, Los Angeles, CA 90001"
141334,USB-C Charging Cable,1,11.95,01/15/19 02:05,"459 4th St, San Francisco, CA 94016"
141335,AAA Batteries (4-pack),5,2.99,01-12-2019 18:16,"174 4th St, Los Angeles, CA 90001"
141336,iPhone,1,700,01-09-2019 18:23,"811 Hickory St, Portland, OR 97035"
141337,Bose SoundSport Headphones,1,99.99,01-09-2019 09:22,"947 Church St, San Francisco, CA 94016"
141338,AAA Batteries (4-pack),1,2.99,01/29/19 16:19,"542 4th St, Dallas, TX 75001"
141339,AAA Batteries (4-pack),1,2.99,01/28/19 12:52,"539 Lakeview St, Dallas, TX 75001"
141340,Lightning Charging Cable,1,14.95,01/27/19 14:30,"710 Johnson St, Boston, MA 02215"
141341,LG Dryer,1,600,01/13/19 10:09,"844 Walnut St, Austin, TX 73301"
141342,Wired Headphones,1,11.99,01/26/19 21:13,"119 9th St, Seattle, WA 98101"
141343,Bose SoundSport Headphones,1,99.99,01/24/19 13:36,"157 1st St, New York City, NY 10001"
141344,Apple Airpods Headphones,1,150,01/20/19 12:38,"443 Washington St, Portland, OR 97035"
141345,USB-C Charging Cable,1,11.95,01-09-2019 13:55,"398 5th St, San Francisco, CA 94016"
141346,Apple Airpods Headphones,1,150,01/14/19 13:59,"285 Cherry St, Boston, MA 02215"
141347,AA Batteries (4-pack),1,3.84,01/27/19 17:46,"885 Walnut St, Atlanta, GA 30301"
141348,USB-C Charging Cable,2,11.95,01/26/19 18:56,"493 5th St, Portland, OR 97035"
141349,Lightning Charging Cable,1,14.95,01-03-2019 20:51,"886 10th St, New York City, NY 10001"
141350,Lightning Charging Cable,1,14.95,01-01-2019 11:17,"804 River St, San Francisco, CA 94016"
141351,USB-C Charging Cable,2,11.95,01/24/19 17:02,"865 Church St, San Francisco, CA 94016"
141352,Lightning Charging Cable,1,14.95,01-11-2019 19:07,"800 4th St, Los Angeles, CA 90001"
141353,USB-C Charging Cable,1,11.95,01/26/19 10:35,"870 Cherry St, New York City, NY 10001"
141354,Bose SoundSport Headphones,1,99.99,01-03-2019 11:12,"869 Hill St, Atlanta, GA 30301"
141355,27in 4K Gaming Monitor,1,389.99,01/18/19 15:24,"674 Main St, Dallas, TX 75001"
141356,Lightning Charging Cable,1,14.95,01-09-2019 17:32,"336 1st St, Boston, MA 02215"
141357,Lightning Charging Cable,1,14.95,01/23/19 05:30,"850 River St, Atlanta, GA 30301"
141358,Lightning Charging Cable,1,14.95,01-05-2019 15:31,"911 Madison St, San Francisco, CA 94016"
141359,AAA Batteries (4-pack),2,2.99,01-09-2019 22:21,"383 11th St, Seattle, WA 98101"
141360,Macbook Pro Laptop,1,1700,01/17/19 21:00,"263 Meadow St, Los Angeles, CA 90001"
141361,Apple Airpods Headphones,2,150,01/23/19 15:39,"181 Lakeview St, Portland, OR 97035"
141362,Lightning Charging Cable,1,14.95,01-02-2019 22:17,"392 Cherry St, Atlanta, GA 30301"
141363,Wired Headphones,1,11.99,01-08-2019 06:24,"921 Highland St, Dallas, TX 75001"
141364,AA Batteries (4-pack),1,3.84,01-01-2019 07:46,"657 Lincoln St, Dallas, TX 75001"
141365,Vareebadd Phone,1,400,01-10-2019 11:19,"20 Dogwood St, New York City, NY 10001"
141365,Wired Headphones,1,11.99,01-10-2019 11:19,"20 Dogwood St, New York City, NY 10001"
141366,Flatscreen TV,1,300,01/17/19 22:34,"803 Church St, Seattle, WA 98101"
141367,27in 4K Gaming Monitor,1,389.99,01-09-2019 10:06,"23 13th St, San Francisco, CA 94016"
141368,USB-C Charging Cable,1,11.95,01-10-2019 21:39,"387 Hill St, Los Angeles, CA 90001"
141369,Lightning Charging Cable,1,14.95,01/21/19 21:03,"785 9th St, San Francisco, CA 94016"
141370,AAA Batteries (4-pack),2,2.99,01/24/19 20:53,"375 Center St, Seattle, WA 98101"
141371,Lightning Charging Cable,1,14.95,01/23/19 18:34,"685 West St, Atlanta, GA 30301"
141372,AAA Batteries (4-pack),1,2.99,01/26/19 10:07,"134 Hickory St, Portland, ME 04101"
141373,27in FHD Monitor,1,149.99,01/20/19 13:08,"82 Hickory St, San Francisco, CA 94016"
141374,Wired Headphones,1,11.99,01/14/19 10:12,"386 12th St, Boston, MA 02215"
141375,27in 4K Gaming Monitor,1,389.99,01-10-2019 13:51,"49 Center St, Los Angeles, CA 90001"
141376,Wired Headphones,1,11.99,01/20/19 14:57,"32 West St, Los Angeles, CA 90001"
141377,Wired Headphones,1,11.99,01/20/19 15:12,"711 11th St, San Francisco, CA 94016"
141378,USB-C Charging Cable,1,11.95,01/22/19 10:25,"777 North St, Boston, MA 02215"
141379,AA Batteries (4-pack),1,3.84,01/25/19 18:00,"378 Center St, San Francisco, CA 94016"
141380,USB-C Charging Cable,1,11.95,01/17/19 18:45,"868 14th St, Los Angeles, CA 90001"
141381,Bose SoundSport Headphones,1,99.99,01-03-2019 18:22,"336 Jackson St, Los Angeles, CA 90001"
141382,AAA Batteries (4-pack),1,2.99,01/16/19 13:50,"613 Ridge St, Dallas, TX 75001"
141383,AAA Batteries (4-pack),1,2.99,01-08-2019 10:01,"418 11th St, Boston, MA 02215"
141384,Google Phone,1,600,01-03-2019 00:14,"223 Jackson St, Boston, MA 02215"
141384,USB-C Charging Cable,1,11.95,01-03-2019 00:14,"223 Jackson St, Boston, MA 02215"
141385,Macbook Pro Laptop,1,1700,01-10-2019 12:59,"502 Walnut St, Atlanta, GA 30301"
141386,Lightning Charging Cable,1,14.95,01-08-2019 19:27,"692 13th St, New York City, NY 10001"
141387,AAA Batteries (4-pack),1,2.99,01/17/19 11:12,"807 Jackson St, San Francisco, CA 94016"
141388,Lightning Charging Cable,1,14.95,01/22/19 10:53,"24 Park St, Dallas, TX 75001"
141389,AA Batteries (4-pack),1,3.84,01/26/19 11:07,"176 Church St, Los Angeles, CA 90001"
141390,Wired Headphones,1,11.99,01/26/19 11:22,"667 Park St, New York City, NY 10001"
141391,Bose SoundSport Headphones,1,99.99,01/31/19 10:02,"375 Johnson St, New York City, NY 10001"
141392,Apple Airpods Headphones,1,150,01/25/19 13:51,"755 Cherry St, Seattle, WA 98101"
141393,USB-C Charging Cable,1,11.95,01/18/19 17:57,"240 Meadow St, Boston, MA 02215"
141394,iPhone,1,700,01-06-2019 16:54,"534 12th St, San Francisco, CA 94016"
141395,AAA Batteries (4-pack),1,2.99,01/29/19 16:20,"790 Hickory St, Portland, ME 04101"
141396,USB-C Charging Cable,1,11.95,01/26/19 14:10,"141 Elm St, San Francisco, CA 94016"
141397,Lightning Charging Cable,1,14.95,01/13/19 12:59,"940 8th St, New York City, NY 10001"
141398,AAA Batteries (4-pack),1,2.99,01-04-2019 16:31,"33 Jackson St, Dallas, TX 75001"
141399,ThinkPad Laptop,1,999.99,01/17/19 09:57,"830 Walnut St, Atlanta, GA 30301"
141400,Lightning Charging Cable,1,14.95,01/18/19 18:09,"215 Park St, New York City, NY 10001"
141401,Apple Airpods Headphones,1,150,01/23/19 12:50,"34 Cedar St, Portland, OR 97035"
141402,AAA Batteries (4-pack),1,2.99,01-07-2019 12:56,"939 Lakeview St, Atlanta, GA 30301"
141403,Lightning Charging Cable,1,14.95,01/26/19 16:41,"216 Meadow St, Boston, MA 02215"
141404,AA Batteries (4-pack),1,3.84,01/29/19 20:06,"200 14th St, San Francisco, CA 94016"
141405,Wired Headphones,1,11.99,01/29/19 11:00,"247 Forest St, Los Angeles, CA 90001"
141406,USB-C Charging Cable,1,11.95,01/28/19 12:02,"110 13th St, Seattle, WA 98101"
141407,Apple Airpods Headphones,1,150,01-01-2019 16:06,"946 12th St, Portland, ME 04101"
141408,Apple Airpods Headphones,1,150,01-07-2019 13:25,"103 14th St, San Francisco, CA 94016"
141409,Bose SoundSport Headphones,1,99.99,01-01-2019 21:49,"36 Highland St, Portland, ME 04101"
141410,27in FHD Monitor,1,149.99,01-03-2019 22:02,"890 6th St, Dallas, TX 75001"
141411,Wired Headphones,1,11.99,01/15/19 05:35,"350 Main St, New York City, NY 10001"
141412,AA Batteries (4-pack),2,3.84,01/14/19 17:16,"397 Dogwood St, Atlanta, GA 30301"
141413,AA Batteries (4-pack),1,3.84,01/24/19 17:54,"793 5th St, San Francisco, CA 94016"
141414,Google Phone,1,600,01/26/19 03:38,"609 14th St, New York City, NY 10001"
141415,Wired Headphones,1,11.99,01-12-2019 19:02,"81 Madison St, San Francisco, CA 94016"
141416,AAA Batteries (4-pack),1,2.99,01-02-2019 13:37,"209 North St, Atlanta, GA 30301"
141417,Bose SoundSport Headphones,1,99.99,01-03-2019 08:21,"207 1st St, San Francisco, CA 94016"
141418,Apple Airpods Headphones,1,150,01-10-2019 12:48,"145 Lakeview St, New York City, NY 10001"
141419,Wired Headphones,1,11.99,01/22/19 11:53,"910 Meadow St, San Francisco, CA 94016"
141420,Lightning Charging Cable,2,14.95,01-09-2019 12:19,"74 7th St, San Francisco, CA 94016"
141421,Flatscreen TV,1,300,01/24/19 13:18,"154 7th St, Dallas, TX 75001"
141422,Apple Airpods Headphones,1,150,01/16/19 22:23,"970 Lakeview St, Boston, MA 02215"
141423,Lightning Charging Cable,2,14.95,01-06-2019 13:41,"440 South St, New York City, NY 10001"
141424,Apple Airpods Headphones,1,150,01/13/19 19:49,"971 Walnut St, Atlanta, GA 30301"
141425,Wired Headphones,1,11.99,01/19/19 14:59,"347 Hill St, Atlanta, GA 30301"
141426,Google Phone,1,600,01-12-2019 12:57,"824 Madison St, Dallas, TX 75001"
141427,USB-C Charging Cable,1,11.95,01/16/19 14:44,"355 13th St, Los Angeles, CA 90001"
141428,AA Batteries (4-pack),1,3.84,01/22/19 10:06,"295 West St, New York City, NY 10001"
141429,Apple Airpods Headphones,1,150,01/21/19 06:04,"273 Hill St, Atlanta, GA 30301"
141430,34in Ultrawide Monitor,1,379.99,01/23/19 21:37,"428 Cedar St, Los Angeles, CA 90001"
141431,USB-C Charging Cable,1,11.95,01-04-2019 07:16,"728 Lakeview St, Los Angeles, CA 90001"
141432,USB-C Charging Cable,1,11.95,01/18/19 22:38,"574 Johnson St, San Francisco, CA 94016"
141433,Google Phone,1,600,01/15/19 20:08,"179 West St, San Francisco, CA 94016"
141434,27in 4K Gaming Monitor,1,389.99,01/13/19 19:03,"480 Lakeview St, San Francisco, CA 94016"
141435,USB-C Charging Cable,1,11.95,01/15/19 10:55,"445 4th St, Atlanta, GA 30301"
141436,Bose SoundSport Headphones,1,99.99,01-03-2019 07:59,"792 Lakeview St, San Francisco, CA 94016"
141437,iPhone,1,700,01-10-2019 15:40,"377 Meadow St, New York City, NY 10001"
141438,Wired Headphones,2,11.99,01/29/19 17:36,"331 Center St, Seattle, WA 98101"
141439,Flatscreen TV,1,300,01-09-2019 20:49,"536 Walnut St, Boston, MA 02215"
141440,Google Phone,1,600,01/31/19 23:10,"222 Lakeview St, San Francisco, CA 94016"
141441,AA Batteries (4-pack),1,3.84,01/20/19 19:08,"631 Elm St, Los Angeles, CA 90001"
141442,Google Phone,1,600,01-06-2019 10:27,"186 Meadow St, New York City, NY 10001"
141443,Lightning Charging Cable,1,14.95,01/15/19 19:22,"485 Elm St, Los Angeles, CA 90001"
141444,AAA Batteries (4-pack),1,2.99,01/22/19 22:56,"776 5th St, San Francisco, CA 94016"
141445,USB-C Charging Cable,1,11.95,01/23/19 21:37,"112 Madison St, Los Angeles, CA 90001"
141446,Bose SoundSport Headphones,1,99.99,01/16/19 20:03,"150 14th St, Seattle, WA 98101"
141447,AAA Batteries (4-pack),1,2.99,01/15/19 21:14,"51 10th St, Boston, MA 02215"
141448,Bose SoundSport Headphones,1,99.99,01-07-2019 15:50,"895 Forest St, San Francisco, CA 94016"
141449,USB-C Charging Cable,1,11.95,01/25/19 15:41,"450 Dogwood St, Boston, MA 02215"
141450,Google Phone,1,600,01-12-2019 11:16,"521 Park St, San Francisco, CA 94016"
141450,Bose SoundSport Headphones,1,99.99,01-12-2019 11:16,"521 Park St, San Francisco, CA 94016"
141451,AA Batteries (4-pack),1,3.84,01/18/19 18:01,"678 Elm St, Portland, OR 97035"
141452,Bose SoundSport Headphones,1,99.99,01/16/19 13:37,"593 14th St, Austin, TX 73301"
141453,Macbook Pro Laptop,1,1700,01-06-2019 13:09,"469 4th St, Atlanta, GA 30301"
141454,Bose SoundSport Headphones,1,99.99,01-12-2019 21:43,"87 North St, New York City, NY 10001"
141455,Apple Airpods Headphones,1,150,01-06-2019 09:26,"588 Main St, Los Angeles, CA 90001"
141456,AAA Batteries (4-pack),1,2.99,01-05-2019 13:28,"676 Cedar St, Boston, MA 02215"
141457,iPhone,1,700,01-09-2019 22:11,"820 Jackson St, Seattle, WA 98101"
141457,Apple Airpods Headphones,1,150,01-09-2019 22:11,"820 Jackson St, Seattle, WA 98101"
141458,iPhone,1,700,01/29/19 01:12,"497 Park St, San Francisco, CA 94016"
141459,AAA Batteries (4-pack),1,2.99,01-07-2019 13:20,"344 Lakeview St, New York City, NY 10001"
141460,iPhone,1,700,01/26/19 17:29,"855 2nd St, New York City, NY 10001"
141461,Lightning Charging Cable,1,14.95,01-02-2019 10:34,"233 Cherry St, Dallas, TX 75001"
141462,Wired Headphones,1,11.99,01/30/19 23:34,"542 Wilson St, Atlanta, GA 30301"
141463,Apple Airpods Headphones,1,150,01/22/19 18:14,"147 Center St, Boston, MA 02215"
141464,AA Batteries (4-pack),2,3.84,01/31/19 01:03,"795 13th St, New York City, NY 10001"
141465,Lightning Charging Cable,1,14.95,01/30/19 11:24,"340 10th St, Atlanta, GA 30301"
141466,AAA Batteries (4-pack),2,2.99,01/24/19 16:09,"269 4th St, Seattle, WA 98101"
141467,Bose SoundSport Headphones,1,99.99,01/22/19 19:48,"154 Jackson St, Boston, MA 02215"
141468,Flatscreen TV,1,300,01-07-2019 15:21,"268 8th St, Austin, TX 73301"
141469,Flatscreen TV,1,300,01-02-2019 07:44,"163 8th St, San Francisco, CA 94016"
141470,AAA Batteries (4-pack),1,2.99,01-09-2019 17:29,"571 Jefferson St, Boston, MA 02215"
141471,Apple Airpods Headphones,1,150,01/17/19 14:21,"81 11th St, Los Angeles, CA 90001"
141472,iPhone,1,700,01/27/19 07:05,"853 9th St, San Francisco, CA 94016"
141473,iPhone,1,700,01-11-2019 16:48,"768 Maple St, San Francisco, CA 94016"
141474,Apple Airpods Headphones,1,150,01/17/19 22:58,"580 Johnson St, Boston, MA 02215"
141475,Lightning Charging Cable,1,14.95,01-07-2019 08:41,"548 10th St, Boston, MA 02215"
141476,iPhone,1,700,01-06-2019 15:38,"295 Hickory St, New York City, NY 10001"
141477,AA Batteries (4-pack),1,3.84,01/20/19 09:24,"371 South St, San Francisco, CA 94016"
141478,Google Phone,1,600,01/26/19 13:32,"303 North St, Atlanta, GA 30301"
141478,Apple Airpods Headphones,1,150,01/26/19 13:32,"303 North St, Atlanta, GA 30301"
141479,Bose SoundSport Headphones,1,99.99,01-12-2019 19:24,"613 Main St, Atlanta, GA 30301"
141480,AA Batteries (4-pack),2,3.84,01/20/19 12:32,"451 River St, Portland, OR 97035"
141481,AA Batteries (4-pack),1,3.84,01/26/19 22:19,"118 Church St, New York City, NY 10001"
141482,USB-C Charging Cable,1,11.95,01/28/19 13:10,"333 7th St, Portland, OR 97035"
141483,Flatscreen TV,1,300,01/21/19 15:57,"216 Willow St, Austin, TX 73301"
141484,USB-C Charging Cable,1,11.95,01/29/19 21:06,"127 Madison St, Los Angeles, CA 90001"
141485,27in 4K Gaming Monitor,1,389.99,01-07-2019 21:06,"566 Park St, New York City, NY 10001"
141486,USB-C Charging Cable,1,11.95,01/14/19 13:29,"940 West St, Los Angeles, CA 90001"
141487,Bose SoundSport Headphones,1,99.99,01/19/19 18:28,"831 Sunset St, San Francisco, CA 94016"
141488,Bose SoundSport Headphones,1,99.99,01/13/19 14:33,"133 1st St, Los Angeles, CA 90001"
141489,AAA Batteries (4-pack),2,2.99,01-04-2019 11:21,"941 Lincoln St, Los Angeles, CA 90001"
141490,27in FHD Monitor,1,149.99,01/24/19 09:54,"201 Center St, New York City, NY 10001"
141491,Bose SoundSport Headphones,1,99.99,01/25/19 11:10,"529 Park St, Portland, OR 97035"
141492,20in Monitor,1,109.99,01/18/19 09:23,"331 Chestnut St, Dallas, TX 75001"
141493,34in Ultrawide Monitor,1,379.99,01-02-2019 11:26,"922 2nd St, Los Angeles, CA 90001"
141494,AA Batteries (4-pack),2,3.84,01-07-2019 00:40,"237 Forest St, Austin, TX 73301"
141495,Macbook Pro Laptop,1,1700,01/19/19 18:02,"442 South St, Dallas, TX 75001"
141496,Wired Headphones,1,11.99,01/31/19 16:21,"310 8th St, Los Angeles, CA 90001"
141497,Wired Headphones,1,11.99,01/29/19 18:07,"139 Church St, Atlanta, GA 30301"
141498,AA Batteries (4-pack),1,3.84,01-08-2019 07:31,"337 North St, Austin, TX 73301"
141499,Google Phone,1,600,01/19/19 15:17,"90 1st St, San Francisco, CA 94016"
141500,Google Phone,1,600,01-12-2019 11:56,"235 Walnut St, New York City, NY 10001"
141501,AA Batteries (4-pack),1,3.84,01/25/19 12:38,"738 Dogwood St, Los Angeles, CA 90001"
141502,AA Batteries (4-pack),2,3.84,01-08-2019 20:07,"920 Center St, San Francisco, CA 94016"
141503,27in 4K Gaming Monitor,1,389.99,01-03-2019 19:54,"304 Park St, Dallas, TX 75001"
141504,iPhone,1,700,01/13/19 13:37,"855 11th St, Seattle, WA 98101"
141505,27in 4K Gaming Monitor,1,389.99,01-05-2019 06:59,"33 Dogwood St, New York City, NY 10001"
141506,Google Phone,1,600,01/24/19 19:03,"463 10th St, Atlanta, GA 30301"
141507,Apple Airpods Headphones,1,150,01/19/19 20:07,"961 1st St, Los Angeles, CA 90001"
141508,USB-C Charging Cable,1,11.95,01/18/19 19:11,"190 South St, Austin, TX 73301"
141509,Lightning Charging Cable,1,14.95,01/16/19 11:11,"195 Chestnut St, San Francisco, CA 94016"
141510,Wired Headphones,2,11.99,01/16/19 14:32,"610 South St, Los Angeles, CA 90001"
141511,27in 4K Gaming Monitor,1,389.99,01/14/19 16:57,"608 13th St, New York City, NY 10001"
141512,Lightning Charging Cable,1,14.95,01-08-2019 20:12,"789 4th St, Los Angeles, CA 90001"
141513,Apple Airpods Headphones,1,150,01/18/19 22:22,"795 Hickory St, Atlanta, GA 30301"
141514,Google Phone,1,600,01/27/19 21:26,"947 10th St, Boston, MA 02215"
141515,34in Ultrawide Monitor,1,379.99,01-12-2019 16:34,"179 Highland St, Seattle, WA 98101"
141516,LG Washing Machine,1,600,01/17/19 19:53,"382 Main St, Seattle, WA 98101"
141517,iPhone,1,700,01/13/19 14:14,"326 Maple St, Los Angeles, CA 90001"
141518,Lightning Charging Cable,1,14.95,01-01-2019 11:41,"991 Adams St, Los Angeles, CA 90001"
141519,Lightning Charging Cable,1,14.95,01/18/19 17:16,"511 Maple St, San Francisco, CA 94016"
141520,iPhone,1,700,01/15/19 11:24,"23 Cherry St, Atlanta, GA 30301"
141521,Wired Headphones,1,11.99,01-06-2019 11:19,"724 Hickory St, Los Angeles, CA 90001"
141522,27in FHD Monitor,1,149.99,01-02-2019 23:35,"240 Maple St, Dallas, TX 75001"
141523,Google Phone,1,600,01-02-2019 13:17,"17 Dogwood St, San Francisco, CA 94016"
141524,USB-C Charging Cable,1,11.95,01-11-2019 13:18,"853 Walnut St, Boston, MA 02215"
141525,AAA Batteries (4-pack),2,2.99,01-07-2019 04:31,"590 Jackson St, Los Angeles, CA 90001"
141526,AA Batteries (4-pack),2,3.84,01/21/19 22:12,"212 Lincoln St, New York City, NY 10001"
141527,Apple Airpods Headphones,1,150,01/25/19 18:52,"401 Chestnut St, Los Angeles, CA 90001"
141528,AAA Batteries (4-pack),3,2.99,01-11-2019 02:13,"57 11th St, Austin, TX 73301"
141529,Bose SoundSport Headphones,1,99.99,01/13/19 12:55,"264 River St, Austin, TX 73301"
141530,AAA Batteries (4-pack),1,2.99,01/19/19 18:13,"324 7th St, Austin, TX 73301"
141531,Flatscreen TV,1,300,01/15/19 18:03,"252 Sunset St, New York City, NY 10001"
141532,Lightning Charging Cable,1,14.95,01-12-2019 08:44,"718 Walnut St, San Francisco, CA 94016"
141533,34in Ultrawide Monitor,1,379.99,01-01-2019 13:34,"400 Lakeview St, Seattle, WA 98101"
141534,Bose SoundSport Headphones,1,99.99,01-05-2019 10:02,"439 Washington St, San Francisco, CA 94016"
141535,Wired Headphones,1,11.99,01-03-2019 10:59,"139 Wilson St, Portland, OR 97035"
141536,AAA Batteries (4-pack),1,2.99,01/30/19 16:35,"127 6th St, Portland, OR 97035"
141537,Lightning Charging Cable,1,14.95,01-06-2019 09:37,"654 West St, Portland, OR 97035"
141538,27in FHD Monitor,1,149.99,01-12-2019 15:38,"765 River St, New York City, NY 10001"
141539,27in FHD Monitor,1,149.99,01/16/19 15:22,"167 West St, San Francisco, CA 94016"
141540,Apple Airpods Headphones,1,150,01-10-2019 14:07,"703 Maple St, Los Angeles, CA 90001"
141541,AAA Batteries (4-pack),1,2.99,01/27/19 22:39,"296 Lakeview St, Boston, MA 02215"
141542,AA Batteries (4-pack),1,3.84,01/20/19 18:33,"431 Dogwood St, San Francisco, CA 94016"
141543,Lightning Charging Cable,1,14.95,01/25/19 10:48,"684 5th St, Atlanta, GA 30301"
141544,Lightning Charging Cable,1,14.95,01-03-2019 18:32,"905 Ridge St, San Francisco, CA 94016"
141545,Google Phone,1,600,01/16/19 20:17,"988 Adams St, Dallas, TX 75001"
141546,20in Monitor,1,109.99,01/22/19 02:39,"390 Ridge St, Atlanta, GA 30301"
141547,USB-C Charging Cable,2,11.95,01-12-2019 10:26,"164 Willow St, San Francisco, CA 94016"
141548,Lightning Charging Cable,1,14.95,01-11-2019 23:00,"964 Forest St, Los Angeles, CA 90001"
141549,27in FHD Monitor,1,149.99,01/15/19 10:53,"240 Cherry St, Atlanta, GA 30301"
141550,iPhone,1,700,01/31/19 10:58,"399 Church St, Boston, MA 02215"
141550,Apple Airpods Headphones,2,150,01/31/19 10:58,"399 Church St, Boston, MA 02215"
141550,Wired Headphones,1,11.99,01/31/19 10:58,"399 Church St, Boston, MA 02215"
141551,Lightning Charging Cable,2,14.95,01/19/19 16:39,"88 7th St, Los Angeles, CA 90001"
141552,Bose SoundSport Headphones,1,99.99,01-10-2019 10:40,"533 Jackson St, New York City, NY 10001"
141553,Bose SoundSport Headphones,1,99.99,01/27/19 00:07,"16 Forest St, San Francisco, CA 94016"
141554,USB-C Charging Cable,1,11.95,01-04-2019 12:57,"498 Dogwood St, Austin, TX 73301"
141555,AAA Batteries (4-pack),3,2.99,01/15/19 10:18,"47 Pine St, Dallas, TX 75001"
141556,USB-C Charging Cable,1,11.95,01/29/19 10:07,"164 Lincoln St, New York City, NY 10001"
141557,Lightning Charging Cable,1,14.95,01/23/19 22:54,"406 8th St, San Francisco, CA 94016"
141558,27in 4K Gaming Monitor,1,389.99,01-01-2019 12:14,"345 Chestnut St, Dallas, TX 75001"
141559,Wired Headphones,1,11.99,01/26/19 22:08,"932 River St, Boston, MA 02215"
141560,34in Ultrawide Monitor,1,379.99,01-09-2019 13:34,"559 Adams St, Seattle, WA 98101"
141561,Wired Headphones,1,11.99,01-09-2019 17:19,"897 River St, San Francisco, CA 94016"
141562,Bose SoundSport Headphones,1,99.99,01/29/19 12:47,"334 12th St, Los Angeles, CA 90001"
141563,USB-C Charging Cable,1,11.95,01/15/19 15:52,"98 13th St, San Francisco, CA 94016"
141564,Apple Airpods Headphones,1,150,01/29/19 11:03,"780 Walnut St, New York City, NY 10001"
141565,Wired Headphones,1,11.99,01/13/19 06:05,"884 11th St, San Francisco, CA 94016"
141566,27in FHD Monitor,1,149.99,01/13/19 18:41,"693 Wilson St, San Francisco, CA 94016"
141567,Lightning Charging Cable,1,14.95,01-09-2019 20:37,"55 Highland St, Los Angeles, CA 90001"
141568,ThinkPad Laptop,1,999.99,01/26/19 20:30,"158 9th St, San Francisco, CA 94016"
141569,Macbook Pro Laptop,1,1700,01-11-2019 11:15,"235 Ridge St, Los Angeles, CA 90001"
141570,USB-C Charging Cable,1,11.95,01-11-2019 16:49,"112 13th St, Dallas, TX 75001"
141571,Lightning Charging Cable,1,14.95,01/21/19 23:01,"809 Dogwood St, San Francisco, CA 94016"
141572,AAA Batteries (4-pack),1,2.99,01/13/19 23:51,"187 Dogwood St, Austin, TX 73301"
141573,Lightning Charging Cable,1,14.95,01-04-2019 17:39,"850 2nd St, Atlanta, GA 30301"
141574,Lightning Charging Cable,1,14.95,01/19/19 16:56,"989 Jefferson St, Los Angeles, CA 90001"
141575,USB-C Charging Cable,1,11.95,01-07-2019 10:42,"787 Highland St, Seattle, WA 98101"
141576,Apple Airpods Headphones,1,150,01-05-2019 20:21,"908 Lincoln St, Atlanta, GA 30301"
141577,Flatscreen TV,1,300,01/30/19 20:19,"662 Lincoln St, Seattle, WA 98101"
141578,Bose SoundSport Headphones,1,99.99,01/24/19 05:51,"61 Sunset St, Portland, OR 97035"
141579,Lightning Charging Cable,1,14.95,01/23/19 16:11,"871 Willow St, Los Angeles, CA 90001"
141580,AA Batteries (4-pack),1,3.84,01/28/19 11:02,"295 Chestnut St, Boston, MA 02215"
141581,Apple Airpods Headphones,1,150,01/28/19 20:50,"64 Elm St, San Francisco, CA 94016"
141582,iPhone,1,700,01/15/19 01:45,"416 9th St, San Francisco, CA 94016"
141583,USB-C Charging Cable,1,11.95,01/30/19 12:48,"717 Cedar St, Dallas, TX 75001"
141584,Macbook Pro Laptop,1,1700,01/14/19 16:51,"395 Lake St, New York City, NY 10001"
141585,AA Batteries (4-pack),2,3.84,01-11-2019 10:04,"406 Highland St, San Francisco, CA 94016"
141586,Lightning Charging Cable,1,14.95,01/26/19 20:16,"411 Jackson St, San Francisco, CA 94016"
141587,USB-C Charging Cable,1,11.95,01/29/19 15:14,"504 14th St, Dallas, TX 75001"
141587,Apple Airpods Headphones,1,150,01/29/19 15:14,"504 14th St, Dallas, TX 75001"
141588,AA Batteries (4-pack),1,3.84,01-03-2019 01:43,"582 Madison St, Dallas, TX 75001"
141589,Wired Headphones,1,11.99,01-10-2019 13:56,"118 12th St, Seattle, WA 98101"
141590,Bose SoundSport Headphones,1,99.99,01-05-2019 16:40,"350 5th St, Boston, MA 02215"
141591,ThinkPad Laptop,1,999.99,01/27/19 23:59,"503 Maple St, Seattle, WA 98101"
141592,AA Batteries (4-pack),2,3.84,01-05-2019 11:30,"644 13th St, San Francisco, CA 94016"
141593,Bose SoundSport Headphones,1,99.99,01-09-2019 14:26,"406 Washington St, Los Angeles, CA 90001"
141594,AAA Batteries (4-pack),1,2.99,01/30/19 12:09,"821 14th St, Atlanta, GA 30301"
141595,ThinkPad Laptop,1,999.99,01/27/19 14:36,"146 2nd St, Boston, MA 02215"
141596,Lightning Charging Cable,1,14.95,01-01-2019 17:30,"582 Jackson St, Boston, MA 02215"
141597,AAA Batteries (4-pack),2,2.99,01/28/19 12:38,"919 Elm St, San Francisco, CA 94016"
141598,20in Monitor,1,109.99,01-12-2019 13:28,"164 Pine St, Seattle, WA 98101"
141599,AAA Batteries (4-pack),1,2.99,01/17/19 11:59,"814 Sunset St, Portland, OR 97035"
141600,AAA Batteries (4-pack),2,2.99,01/27/19 09:08,"445 Lake St, San Francisco, CA 94016"
141601,Lightning Charging Cable,1,14.95,01-07-2019 19:45,"745 2nd St, Atlanta, GA 30301"
141602,27in FHD Monitor,1,149.99,01/13/19 20:17,"170 6th St, Atlanta, GA 30301"
141603,Wired Headphones,1,11.99,01/24/19 10:54,"214 14th St, Seattle, WA 98101"
141604,27in FHD Monitor,1,149.99,01-01-2019 23:58,"135 Washington St, San Francisco, CA 94016"
141605,Wired Headphones,1,11.99,01-10-2019 19:52,"189 Maple St, San Francisco, CA 94016"
141606,Lightning Charging Cable,1,14.95,01-02-2019 01:26,"449 Maple St, Austin, TX 73301"
141607,AA Batteries (4-pack),2,3.84,01/27/19 20:18,"861 Cedar St, Dallas, TX 75001"
141608,Lightning Charging Cable,1,14.95,01/14/19 17:47,"852 Cherry St, San Francisco, CA 94016"
141609,Apple Airpods Headphones,1,150,01-04-2019 14:05,"287 Chestnut St, San Francisco, CA 94016"
141610,Lightning Charging Cable,1,14.95,01/29/19 16:55,"846 Cherry St, San Francisco, CA 94016"
141611,Apple Airpods Headphones,1,150,01/27/19 18:29,"877 Lincoln St, Atlanta, GA 30301"
141612,Apple Airpods Headphones,1,150,01/24/19 10:33,"892 12th St, Los Angeles, CA 90001"
141613,AAA Batteries (4-pack),1,2.99,01-01-2019 10:21,"644 Pine St, Atlanta, GA 30301"
141614,AA Batteries (4-pack),1,3.84,01-09-2019 13:03,"821 Spruce St, San Francisco, CA 94016"
141615,Wired Headphones,1,11.99,01/24/19 18:39,"944 Chestnut St, Los Angeles, CA 90001"
141616,AA Batteries (4-pack),1,3.84,01/24/19 00:56,"440 Elm St, Boston, MA 02215"
141617,Wired Headphones,1,11.99,01/26/19 02:00,"84 Hickory St, Los Angeles, CA 90001"
141618,Bose SoundSport Headphones,1,99.99,01-09-2019 11:07,"573 Lake St, Dallas, TX 75001"
141619,27in FHD Monitor,1,149.99,01-12-2019 20:15,"108 River St, San Francisco, CA 94016"
141620,AAA Batteries (4-pack),3,2.99,01-09-2019 10:56,"211 Meadow St, New York City, NY 10001"
141621,AAA Batteries (4-pack),1,2.99,01-12-2019 09:49,"917 Spruce St, Atlanta, GA 30301"
141622,USB-C Charging Cable,1,11.95,01/27/19 12:46,"171 Ridge St, Portland, OR 97035"
141623,Google Phone,1,600,01-06-2019 14:21,"770 Center St, San Francisco, CA 94016"
141624,USB-C Charging Cable,1,11.95,01/18/19 21:07,"76 8th St, San Francisco, CA 94016"
141625,AAA Batteries (4-pack),4,2.99,01/29/19 08:48,"476 8th St, Boston, MA 02215"
141626,Apple Airpods Headphones,1,150,01/24/19 08:19,"97 Highland St, Los Angeles, CA 90001"
141627,Flatscreen TV,1,300,01/16/19 10:02,"374 Meadow St, Austin, TX 73301"
141628,AA Batteries (4-pack),1,3.84,01/20/19 13:03,"427 Lakeview St, Los Angeles, CA 90001"
141629,27in FHD Monitor,1,149.99,01/27/19 12:22,"434 Church St, San Francisco, CA 94016"
141630,USB-C Charging Cable,1,11.95,01/20/19 17:28,"147 5th St, Dallas, TX 75001"
141631,Lightning Charging Cable,1,14.95,01/15/19 07:54,"81 Main St, San Francisco, CA 94016"
141632,iPhone,1,700,01/21/19 05:00,"964 Hill St, Seattle, WA 98101"
141633,AA Batteries (4-pack),1,3.84,01-12-2019 20:41,"880 Lakeview St, San Francisco, CA 94016"
141634,AAA Batteries (4-pack),1,2.99,01/20/19 18:23,"414 8th St, Los Angeles, CA 90001"
141635,Wired Headphones,1,11.99,01/13/19 07:20,"31 6th St, New York City, NY 10001"
141636,Apple Airpods Headphones,1,150,01-09-2019 10:24,"790 Wilson St, Austin, TX 73301"
141637,AA Batteries (4-pack),2,3.84,01-04-2019 17:48,"676 Willow St, New York City, NY 10001"
141638,AAA Batteries (4-pack),2,2.99,01-05-2019 08:07,"625 Church St, Austin, TX 73301"
141639,ThinkPad Laptop,1,999.99,01/23/19 16:39,"284 12th St, San Francisco, CA 94016"
141640,Macbook Pro Laptop,1,1700,01-02-2019 01:27,"768 Forest St, San Francisco, CA 94016"
141641,20in Monitor,1,109.99,01/30/19 11:12,"368 Forest St, San Francisco, CA 94016"
141642,AAA Batteries (4-pack),1,2.99,01-04-2019 19:21,"719 Adams St, New York City, NY 10001"
141643,Bose SoundSport Headphones,1,99.99,01/29/19 21:41,"52 Hill St, Portland, OR 97035"
141644,AAA Batteries (4-pack),1,2.99,01-01-2019 14:21,"454 Main St, Seattle, WA 98101"
141645,Lightning Charging Cable,1,14.95,01/30/19 15:30,"98 Forest St, New York City, NY 10001"
141645,Wired Headphones,1,11.99,01/30/19 15:30,"98 Forest St, New York City, NY 10001"
141646,Lightning Charging Cable,1,14.95,01-01-2019 20:59,"678 Adams St, Dallas, TX 75001"
141647,20in Monitor,1,109.99,01-01-2019 14:36,"434 Sunset St, Atlanta, GA 30301"
141648,Google Phone,1,600,01-03-2019 16:55,"657 10th St, Austin, TX 73301"
141649,Lightning Charging Cable,1,14.95,01/30/19 15:16,"916 Maple St, Seattle, WA 98101"
141650,AAA Batteries (4-pack),2,2.99,01/22/19 12:28,"166 South St, San Francisco, CA 94016"
141651,AA Batteries (4-pack),1,3.84,01/24/19 08:33,"449 Main St, Los Angeles, CA 90001"
141652,Lightning Charging Cable,1,14.95,01-05-2019 21:58,"576 Pine St, Boston, MA 02215"
141653,AA Batteries (4-pack),1,3.84,01/28/19 23:47,"63 Cherry St, Portland, ME 04101"
141654,AA Batteries (4-pack),1,3.84,01/23/19 14:48,"857 4th St, San Francisco, CA 94016"
141655,Wired Headphones,1,11.99,01/16/19 13:38,"592 Cedar St, Los Angeles, CA 90001"
141656,Apple Airpods Headphones,1,150,01-02-2019 10:40,"476 Center St, Atlanta, GA 30301"
141657,AAA Batteries (4-pack),1,2.99,01/13/19 20:36,"990 Park St, Los Angeles, CA 90001"
141658,AA Batteries (4-pack),1,3.84,01/26/19 23:47,"26 Adams St, San Francisco, CA 94016"
141659,Macbook Pro Laptop,1,1700,01/28/19 15:52,"214 Jackson St, San Francisco, CA 94016"
141660,USB-C Charging Cable,1,11.95,01-11-2019 13:57,"106 Sunset St, Boston, MA 02215"
141661,USB-C Charging Cable,1,11.95,01-05-2019 01:25,"221 14th St, San Francisco, CA 94016"
141662,AAA Batteries (4-pack),1,2.99,01/16/19 13:06,"106 Jefferson St, Boston, MA 02215"
141663,iPhone,1,700,01-01-2019 11:01,"738 8th St, San Francisco, CA 94016"
141664,Google Phone,1,600,01-08-2019 16:40,"621 Dogwood St, San Francisco, CA 94016"
141665,27in 4K Gaming Monitor,1,389.99,01/23/19 18:55,"499 7th St, Boston, MA 02215"
141666,AA Batteries (4-pack),2,3.84,01/16/19 16:22,"956 Adams St, Boston, MA 02215"
141667,Lightning Charging Cable,3,14.95,01/23/19 15:14,"965 Johnson St, San Francisco, CA 94016"
141668,Lightning Charging Cable,1,14.95,01/15/19 14:18,"124 Jackson St, San Francisco, CA 94016"
141669,27in 4K Gaming Monitor,1,389.99,01/29/19 15:43,"813 Forest St, New York City, NY 10001"
141670,iPhone,1,700,01/31/19 12:52,"166 10th St, Atlanta, GA 30301"
141671,AAA Batteries (4-pack),2,2.99,01/29/19 12:25,"496 4th St, Boston, MA 02215"
141672,Wired Headphones,1,11.99,01/27/19 23:05,"608 North St, Dallas, TX 75001"
141673,USB-C Charging Cable,1,11.95,01/27/19 19:23,"152 1st St, Austin, TX 73301"
141674,AAA Batteries (4-pack),1,2.99,01/28/19 06:28,"477 Highland St, Los Angeles, CA 90001"
141675,USB-C Charging Cable,3,11.95,01-04-2019 10:09,"964 Main St, Seattle, WA 98101"
141676,Vareebadd Phone,1,400,01/13/19 11:41,"35 13th St, Portland, OR 97035"
141677,27in FHD Monitor,1,149.99,01-03-2019 18:50,"345 Hill St, New York City, NY 10001"
141678,Apple Airpods Headphones,1,150,01-08-2019 20:27,"524 Ridge St, Boston, MA 02215"
141679,34in Ultrawide Monitor,1,379.99,01-03-2019 19:55,"621 13th St, San Francisco, CA 94016"
141680,USB-C Charging Cable,2,11.95,01/14/19 14:03,"980 Washington St, Portland, OR 97035"
141681,AA Batteries (4-pack),1,3.84,01-03-2019 21:53,"543 Forest St, Atlanta, GA 30301"
141682,34in Ultrawide Monitor,1,379.99,01/24/19 07:03,"672 Ridge St, Los Angeles, CA 90001"
141683,AAA Batteries (4-pack),1,2.99,01/27/19 16:18,"982 Cedar St, New York City, NY 10001"
141684,27in 4K Gaming Monitor,1,389.99,01/29/19 09:43,"666 Jefferson St, Seattle, WA 98101"
141685,Wired Headphones,1,11.99,01/14/19 00:38,"347 12th St, Austin, TX 73301"
141686,Apple Airpods Headphones,1,150,01/22/19 13:25,"788 6th St, San Francisco, CA 94016"
141687,AA Batteries (4-pack),1,3.84,01/17/19 19:12,"838 2nd St, New York City, NY 10001"
141688,AA Batteries (4-pack),1,3.84,01/20/19 11:32,"122 Jackson St, New York City, NY 10001"
141689,34in Ultrawide Monitor,1,379.99,01-09-2019 13:56,"348 River St, San Francisco, CA 94016"
141690,Macbook Pro Laptop,1,1700,01/14/19 23:02,"27 Jefferson St, Boston, MA 02215"
141691,34in Ultrawide Monitor,1,379.99,01/18/19 18:34,"640 Lake St, New York City, NY 10001"
141692,Bose SoundSport Headphones,1,99.99,01/27/19 19:46,"798 Hill St, Portland, OR 97035"
141693,Wired Headphones,1,11.99,01-07-2019 22:01,"733 Meadow St, New York City, NY 10001"
141694,Wired Headphones,1,11.99,01-12-2019 15:43,"806 Maple St, Atlanta, GA 30301"
141695,AAA Batteries (4-pack),1,2.99,01/29/19 21:20,"893 Jefferson St, Boston, MA 02215"
141696,Vareebadd Phone,1,400,01/15/19 22:33,"709 North St, Seattle, WA 98101"
141697,Lightning Charging Cable,1,14.95,01/16/19 05:50,"1 Jefferson St, New York City, NY 10001"
141698,27in 4K Gaming Monitor,1,389.99,01-06-2019 19:56,"156 Jackson St, Los Angeles, CA 90001"
141699,USB-C Charging Cable,1,11.95,01/28/19 08:13,"667 Spruce St, Atlanta, GA 30301"
141700,Apple Airpods Headphones,1,150,01-02-2019 12:00,"220 Lakeview St, Dallas, TX 75001"
141701,Macbook Pro Laptop,1,1700,01/18/19 19:33,"174 Lincoln St, San Francisco, CA 94016"
141702,iPhone,1,700,01/27/19 18:33,"776 10th St, Boston, MA 02215"
141703,iPhone,1,700,01/29/19 11:04,"371 11th St, Portland, OR 97035"
141704,27in 4K Gaming Monitor,1,389.99,01/31/19 19:56,"823 Hill St, Seattle, WA 98101"
141705,Apple Airpods Headphones,1,150,01-01-2019 14:15,"478 8th St, Boston, MA 02215"
141706,USB-C Charging Cable,1,11.95,01/19/19 13:38,"234 Cherry St, Austin, TX 73301"
141707,AA Batteries (4-pack),1,3.84,01/13/19 00:53,"593 Main St, Los Angeles, CA 90001"
141708,Wired Headphones,1,11.99,01/22/19 09:31,"492 Forest St, Seattle, WA 98101"
141709,Google Phone,1,600,01/24/19 23:45,"411 Ridge St, Dallas, TX 75001"
141710,USB-C Charging Cable,1,11.95,01/23/19 00:00,"57 Hill St, New York City, NY 10001"
141711,USB-C Charging Cable,1,11.95,01/18/19 13:11,"65 Pine St, New York City, NY 10001"
141712,AA Batteries (4-pack),1,3.84,01-07-2019 12:12,"164 Walnut St, Los Angeles, CA 90001"
141713,USB-C Charging Cable,1,11.95,01/25/19 13:49,"169 Washington St, San Francisco, CA 94016"
141714,USB-C Charging Cable,1,11.95,01/27/19 20:27,"986 11th St, New York City, NY 10001"
141715,Bose SoundSport Headphones,1,99.99,01/22/19 00:30,"492 Lakeview St, Boston, MA 02215"
141716,Bose SoundSport Headphones,1,99.99,01/17/19 09:58,"169 Lakeview St, Seattle, WA 98101"
141717,AAA Batteries (4-pack),1,2.99,01/31/19 17:15,"463 5th St, New York City, NY 10001"
141718,Google Phone,1,600,01/16/19 15:02,"756 Lake St, Dallas, TX 75001"
141719,27in 4K Gaming Monitor,1,389.99,01-10-2019 13:34,"152 Cherry St, Seattle, WA 98101"
141720,USB-C Charging Cable,1,11.95,01/25/19 19:58,"317 Center St, New York City, NY 10001"
141721,AA Batteries (4-pack),1,3.84,01-11-2019 12:03,"416 Forest St, Atlanta, GA 30301"
141722,Macbook Pro Laptop,1,1700,01-06-2019 14:06,"331 Pine St, Boston, MA 02215"
141723,Wired Headphones,1,11.99,01/14/19 22:05,"340 11th St, Boston, MA 02215"
141724,Lightning Charging Cable,1,14.95,01-06-2019 18:43,"494 11th St, Austin, TX 73301"
141725,Wired Headphones,1,11.99,01-09-2019 18:16,"370 7th St, Los Angeles, CA 90001"
141726,USB-C Charging Cable,1,11.95,01/20/19 07:13,"697 Center St, San Francisco, CA 94016"
141727,Lightning Charging Cable,2,14.95,01/31/19 13:38,"331 Meadow St, Atlanta, GA 30301"
141728,AAA Batteries (4-pack),1,2.99,01/14/19 00:00,"431 7th St, New York City, NY 10001"
141729,Wired Headphones,1,11.99,01-09-2019 11:01,"426 Walnut St, Los Angeles, CA 90001"
141730,Lightning Charging Cable,1,14.95,01/23/19 16:23,"733 Lincoln St, Boston, MA 02215"
141731,Macbook Pro Laptop,1,1700,01/29/19 19:24,"916 Forest St, San Francisco, CA 94016"
141732,iPhone,1,700,01-01-2019 06:13,"446 Pine St, Atlanta, GA 30301"
141733,27in 4K Gaming Monitor,1,389.99,01/24/19 12:38,"987 Maple St, Austin, TX 73301"
141734,Bose SoundSport Headphones,1,99.99,01/29/19 15:48,"485 North St, Los Angeles, CA 90001"
141735,34in Ultrawide Monitor,1,379.99,01/25/19 12:34,"997 Jefferson St, New York City, NY 10001"
141736,USB-C Charging Cable,1,11.95,01/18/19 12:47,"920 Meadow St, Seattle, WA 98101"
141737,ThinkPad Laptop,1,999.99,01-02-2019 08:37,"903 Forest St, San Francisco, CA 94016"
141738,iPhone,1,700,01/14/19 20:53,"183 Cherry St, Atlanta, GA 30301"
141738,Lightning Charging Cable,1,14.95,01/14/19 20:53,"183 Cherry St, Atlanta, GA 30301"
141739,AA Batteries (4-pack),1,3.84,01/27/19 10:55,"383 Jackson St, Atlanta, GA 30301"
141740,AA Batteries (4-pack),1,3.84,01-12-2019 22:42,"927 Forest St, Atlanta, GA 30301"
141741,Bose SoundSport Headphones,1,99.99,01/19/19 18:56,"93 Cherry St, Boston, MA 02215"
141742,USB-C Charging Cable,1,11.95,01/20/19 10:29,"156 Church St, San Francisco, CA 94016"
141743,USB-C Charging Cable,1,11.95,01/18/19 10:44,"607 6th St, San Francisco, CA 94016"
141744,Apple Airpods Headphones,1,150,01-10-2019 15:55,"961 7th St, Portland, OR 97035"
141745,AAA Batteries (4-pack),2,2.99,01/19/19 00:24,"389 Hill St, Atlanta, GA 30301"
141746,Lightning Charging Cable,2,14.95,01/14/19 21:39,"218 8th St, Dallas, TX 75001"
141747,27in FHD Monitor,1,149.99,01-12-2019 05:12,"160 Ridge St, Los Angeles, CA 90001"
141748,Apple Airpods Headphones,1,150,01-09-2019 09:46,"60 Cedar St, Boston, MA 02215"
141749,Flatscreen TV,1,300,01/24/19 15:16,"974 10th St, Atlanta, GA 30301"
141750,27in FHD Monitor,1,149.99,01/23/19 16:46,"341 Elm St, Seattle, WA 98101"
141751,27in 4K Gaming Monitor,1,389.99,01-08-2019 13:27,"396 River St, Los Angeles, CA 90001"
141752,Lightning Charging Cable,1,14.95,01/18/19 23:13,"100 Johnson St, Los Angeles, CA 90001"
141753,USB-C Charging Cable,2,11.95,01/15/19 19:30,"67 Center St, San Francisco, CA 94016"
141754,Apple Airpods Headphones,2,150,01-02-2019 23:09,"999 Spruce St, Seattle, WA 98101"
141755,AA Batteries (4-pack),3,3.84,01-02-2019 20:12,"884 Spruce St, Los Angeles, CA 90001"
141756,Bose SoundSport Headphones,1,99.99,01/19/19 21:53,"485 Highland St, Atlanta, GA 30301"
141757,27in FHD Monitor,1,149.99,01/13/19 14:47,"116 Walnut St, Portland, OR 97035"
141758,Wired Headphones,1,11.99,01/21/19 15:21,"610 Spruce St, Dallas, TX 75001"
141759,AAA Batteries (4-pack),1,2.99,01-02-2019 19:18,"765 Lake St, Portland, OR 97035"
141760,Vareebadd Phone,1,400,01/21/19 11:09,"289 Walnut St, Atlanta, GA 30301"
141761,Lightning Charging Cable,1,14.95,01-11-2019 19:02,"75 Ridge St, San Francisco, CA 94016"
141762,Bose SoundSport Headphones,1,99.99,01/28/19 17:52,"160 Hickory St, Austin, TX 73301"
141763,27in FHD Monitor,2,149.99,01-05-2019 02:51,"351 Adams St, Austin, TX 73301"
141764,USB-C Charging Cable,1,11.95,01-04-2019 17:43,"909 2nd St, Seattle, WA 98101"
141765,Lightning Charging Cable,1,14.95,01/24/19 12:23,"78 Sunset St, New York City, NY 10001"
141766,LG Washing Machine,1,600,01/16/19 21:08,"530 Jackson St, Dallas, TX 75001"
141767,20in Monitor,1,109.99,01/23/19 22:30,"752 Walnut St, Austin, TX 73301"
141768,USB-C Charging Cable,1,11.95,01/14/19 11:50,"780 Cherry St, Portland, ME 04101"
141769,AA Batteries (4-pack),2,3.84,01/21/19 10:53,"824 West St, Dallas, TX 75001"
141770,Wired Headphones,1,11.99,01-04-2019 19:50,"50 Willow St, San Francisco, CA 94016"
141771,Lightning Charging Cable,1,14.95,01-11-2019 19:00,"564 13th St, San Francisco, CA 94016"
141772,Apple Airpods Headphones,1,150,01/30/19 08:16,"409 Center St, San Francisco, CA 94016"
141773,USB-C Charging Cable,1,11.95,01/30/19 16:09,"693 Chestnut St, New York City, NY 10001"
141774,Bose SoundSport Headphones,1,99.99,01-02-2019 22:11,"961 Chestnut St, Los Angeles, CA 90001"
141775,USB-C Charging Cable,1,11.95,01-07-2019 17:15,"348 Pine St, Atlanta, GA 30301"
141776,Lightning Charging Cable,1,14.95,01/21/19 19:20,"443 Ridge St, Dallas, TX 75001"
141777,USB-C Charging Cable,1,11.95,01/14/19 19:43,"538 Wilson St, San Francisco, CA 94016"
141778,Lightning Charging Cable,1,14.95,01/27/19 05:25,"432 11th St, Dallas, TX 75001"
141779,Lightning Charging Cable,1,14.95,01-02-2019 11:23,"929 Lake St, New York City, NY 10001"
141780,Wired Headphones,1,11.99,01/20/19 20:15,"443 11th St, San Francisco, CA 94016"
141781,Apple Airpods Headphones,1,150,01/20/19 07:07,"605 West St, Austin, TX 73301"
141782,27in FHD Monitor,1,149.99,01-11-2019 21:13,"353 4th St, San Francisco, CA 94016"
141782,Bose SoundSport Headphones,1,99.99,01-11-2019 21:13,"353 4th St, San Francisco, CA 94016"
141783,Bose SoundSport Headphones,1,99.99,01/27/19 17:48,"581 Willow St, Boston, MA 02215"
141784,27in 4K Gaming Monitor,1,389.99,01-07-2019 11:54,"301 River St, New York City, NY 10001"
141785,Apple Airpods Headphones,1,150,01/20/19 18:27,"110 Main St, Portland, OR 97035"
141786,Macbook Pro Laptop,1,1700,01/27/19 12:58,"728 River St, Boston, MA 02215"
141787,Apple Airpods Headphones,1,150,01/15/19 21:11,"865 7th St, San Francisco, CA 94016"
141788,AA Batteries (4-pack),2,3.84,01/23/19 14:39,"921 Center St, Los Angeles, CA 90001"
141789,Google Phone,1,600,01-01-2019 20:13,"903 Lake St, Seattle, WA 98101"
141789,USB-C Charging Cable,2,11.95,01-01-2019 20:13,"903 Lake St, Seattle, WA 98101"
141790,AAA Batteries (4-pack),1,2.99,01-09-2019 15:27,"135 Hickory St, Los Angeles, CA 90001"
141791,USB-C Charging Cable,1,11.95,01/16/19 10:36,"266 Forest St, Los Angeles, CA 90001"
141792,USB-C Charging Cable,1,11.95,01-08-2019 22:13,"779 Ridge St, Dallas, TX 75001"
141793,AA Batteries (4-pack),1,3.84,01/19/19 11:01,"830 Dogwood St, Dallas, TX 75001"
141794,Bose SoundSport Headphones,1,99.99,01/24/19 10:49,"147 Maple St, Los Angeles, CA 90001"
141795,iPhone,1,700,01/19/19 20:31,"383 Jefferson St, San Francisco, CA 94016"
141795,Wired Headphones,1,11.99,01/19/19 20:31,"383 Jefferson St, San Francisco, CA 94016"
141796,AAA Batteries (4-pack),1,2.99,01/23/19 20:28,"594 West St, San Francisco, CA 94016"
141797,27in FHD Monitor,1,149.99,01-02-2019 10:29,"393 Johnson St, San Francisco, CA 94016"
141798,20in Monitor,1,109.99,01/18/19 07:48,"482 Washington St, Boston, MA 02215"
141799,AA Batteries (4-pack),1,3.84,01-02-2019 20:10,"270 2nd St, San Francisco, CA 94016"
141800,27in FHD Monitor,1,149.99,01/26/19 12:11,"775 West St, Seattle, WA 98101"
141801,USB-C Charging Cable,1,11.95,01/21/19 17:24,"173 Center St, Portland, OR 97035"
141802,Flatscreen TV,1,300,01-09-2019 06:09,"978 7th St, San Francisco, CA 94016"
141803,27in 4K Gaming Monitor,1,389.99,01-02-2019 09:53,"452 South St, San Francisco, CA 94016"
141804,Bose SoundSport Headphones,1,99.99,01/23/19 19:52,"350 West St, New York City, NY 10001"
141805,Bose SoundSport Headphones,1,99.99,01/18/19 08:36,"418 Washington St, New York City, NY 10001"
141806,27in 4K Gaming Monitor,1,389.99,01/26/19 23:02,"523 9th St, Austin, TX 73301"
141807,Vareebadd Phone,1,400,01-11-2019 20:23,"402 Maple St, Los Angeles, CA 90001"
141808,Lightning Charging Cable,1,14.95,01-10-2019 18:36,"373 Cedar St, Seattle, WA 98101"
141809,Google Phone,1,600,01-08-2019 15:38,"457 Adams St, Los Angeles, CA 90001"
141809,USB-C Charging Cable,1,11.95,01-08-2019 15:38,"457 Adams St, Los Angeles, CA 90001"
141810,Lightning Charging Cable,1,14.95,01/16/19 12:23,"449 14th St, Austin, TX 73301"
141811,AAA Batteries (4-pack),1,2.99,01-03-2019 20:47,"77 Lakeview St, Seattle, WA 98101"
141812,AA Batteries (4-pack),1,3.84,01/19/19 22:03,"976 Main St, Atlanta, GA 30301"
141813,USB-C Charging Cable,1,11.95,01-10-2019 10:03,"836 Jefferson St, Seattle, WA 98101"
141814,20in Monitor,1,109.99,01-08-2019 15:32,"583 North St, Los Angeles, CA 90001"
141815,AAA Batteries (4-pack),2,2.99,01/22/19 10:50,"280 5th St, San Francisco, CA 94016"
141816,34in Ultrawide Monitor,1,379.99,01-09-2019 09:22,"730 Adams St, Boston, MA 02215"
141817,LG Dryer,1,600,01-04-2019 09:03,"404 Lakeview St, San Francisco, CA 94016"
141818,AA Batteries (4-pack),1,3.84,01-06-2019 06:53,"91 Hill St, Atlanta, GA 30301"
141819,AAA Batteries (4-pack),2,2.99,01/26/19 22:06,"318 2nd St, New York City, NY 10001"
141820,Lightning Charging Cable,1,14.95,01/21/19 17:53,"215 Lincoln St, Austin, TX 73301"
141821,USB-C Charging Cable,1,11.95,01/21/19 12:24,"337 Wilson St, New York City, NY 10001"
141822,Lightning Charging Cable,1,14.95,01-09-2019 18:53,"775 2nd St, Boston, MA 02215"
141823,USB-C Charging Cable,1,11.95,01/27/19 17:30,"952 4th St, Atlanta, GA 30301"
141824,Wired Headphones,1,11.99,01/14/19 12:34,"846 13th St, Atlanta, GA 30301"
141825,Lightning Charging Cable,1,14.95,01/16/19 13:02,"660 Park St, Atlanta, GA 30301"
141826,Lightning Charging Cable,1,14.95,01/25/19 21:34,"336 Center St, San Francisco, CA 94016"
141827,20in Monitor,1,109.99,01/18/19 21:33,"497 Washington St, San Francisco, CA 94016"
141828,AA Batteries (4-pack),1,3.84,01/13/19 11:05,"611 West St, Atlanta, GA 30301"
141829,Flatscreen TV,1,300,01/15/19 12:41,"214 9th St, San Francisco, CA 94016"
141830,USB-C Charging Cable,1,11.95,01/24/19 08:24,"873 Lakeview St, Seattle, WA 98101"
141831,Bose SoundSport Headphones,1,99.99,01/23/19 02:42,"153 Lakeview St, Dallas, TX 75001"
141832,34in Ultrawide Monitor,1,379.99,01-03-2019 19:01,"254 Cedar St, New York City, NY 10001"
141833,34in Ultrawide Monitor,1,379.99,01-11-2019 21:16,"689 6th St, San Francisco, CA 94016"
141834,27in FHD Monitor,1,149.99,01-05-2019 12:07,"704 10th St, San Francisco, CA 94016"
141835,Flatscreen TV,1,300,01/23/19 20:33,"100 Spruce St, Los Angeles, CA 90001"
141836,AAA Batteries (4-pack),2,2.99,01-10-2019 22:46,"906 West St, Seattle, WA 98101"
141837,Bose SoundSport Headphones,1,99.99,01-11-2019 08:57,"858 Wilson St, Boston, MA 02215"
141838,Wired Headphones,1,11.99,01/15/19 15:07,"4 Main St, San Francisco, CA 94016"
141839,USB-C Charging Cable,1,11.95,01-05-2019 10:47,"448 River St, Boston, MA 02215"
141840,USB-C Charging Cable,1,11.95,01/24/19 23:40,"739 11th St, Boston, MA 02215"
141841,Bose SoundSport Headphones,1,99.99,01-10-2019 20:43,"309 11th St, San Francisco, CA 94016"
141842,Bose SoundSport Headphones,1,99.99,01/19/19 14:11,"471 Maple St, San Francisco, CA 94016"
141843,AA Batteries (4-pack),1,3.84,01-10-2019 09:59,"400 9th St, San Francisco, CA 94016"
141843,AAA Batteries (4-pack),1,2.99,01-10-2019 09:59,"400 9th St, San Francisco, CA 94016"
141844,Lightning Charging Cable,1,14.95,01/21/19 20:45,"368 11th St, Seattle, WA 98101"
141845,AAA Batteries (4-pack),1,2.99,01/24/19 23:20,"45 Lincoln St, Seattle, WA 98101"
141846,AA Batteries (4-pack),1,3.84,01-10-2019 09:03,"826 Meadow St, Los Angeles, CA 90001"
141847,Bose SoundSport Headphones,1,99.99,01-08-2019 15:52,"946 Lake St, Seattle, WA 98101"
141848,USB-C Charging Cable,1,11.95,01-12-2019 16:47,"1 8th St, Atlanta, GA 30301"
141849,Bose SoundSport Headphones,1,99.99,01/15/19 06:28,"622 Lake St, Portland, ME 04101"
141850,AAA Batteries (4-pack),1,2.99,01/28/19 18:44,"676 1st St, Los Angeles, CA 90001"
141851,27in FHD Monitor,1,149.99,01/20/19 10:43,"325 Chestnut St, New York City, NY 10001"
141852,USB-C Charging Cable,1,11.95,01-09-2019 20:04,"446 Maple St, Los Angeles, CA 90001"
141853,Apple Airpods Headphones,1,150,01-11-2019 12:32,"364 Pine St, New York City, NY 10001"
141854,20in Monitor,1,109.99,01-03-2019 12:55,"238 Forest St, Dallas, TX 75001"
141855,ThinkPad Laptop,1,999.99,01-01-2019 15:01,"549 Lincoln St, San Francisco, CA 94016"
141856,Lightning Charging Cable,1,14.95,01-10-2019 12:38,"165 Jefferson St, New York City, NY 10001"
141857,Bose SoundSport Headphones,1,99.99,01-10-2019 00:35,"140 Main St, San Francisco, CA 94016"
141858,USB-C Charging Cable,1,11.95,01-10-2019 19:57,"339 Cedar St, San Francisco, CA 94016"
141859,AA Batteries (4-pack),1,3.84,01/24/19 06:38,"348 Jackson St, Seattle, WA 98101"
141860,ThinkPad Laptop,1,999.99,01-08-2019 15:17,"760 Jackson St, Los Angeles, CA 90001"
141861,27in FHD Monitor,1,149.99,01/15/19 20:15,"361 Main St, Los Angeles, CA 90001"
141862,Wired Headphones,1,11.99,01-12-2019 11:02,"754 Pine St, San Francisco, CA 94016"
141863,AAA Batteries (4-pack),1,2.99,01/26/19 16:21,"373 Chestnut St, Seattle, WA 98101"
141864,27in 4K Gaming Monitor,1,389.99,01/18/19 22:08,"797 Forest St, Portland, OR 97035"
141865,Wired Headphones,2,11.99,01/25/19 22:16,"816 South St, San Francisco, CA 94016"
141866,Bose SoundSport Headphones,1,99.99,01/27/19 13:57,"32 Wilson St, Boston, MA 02215"
141867,Apple Airpods Headphones,1,150,01/29/19 13:58,"763 River St, Los Angeles, CA 90001"
141868,Wired Headphones,1,11.99,01/31/19 20:56,"166 Pine St, Los Angeles, CA 90001"
141869,20in Monitor,1,109.99,01/25/19 11:13,"528 Maple St, Los Angeles, CA 90001"
141870,AA Batteries (4-pack),2,3.84,01/25/19 22:23,"269 Main St, Dallas, TX 75001"
141871,Lightning Charging Cable,1,14.95,01-05-2019 06:28,"782 Jefferson St, San Francisco, CA 94016"
141872,34in Ultrawide Monitor,1,379.99,01/19/19 12:46,"428 Madison St, Seattle, WA 98101"
141873,34in Ultrawide Monitor,1,379.99,01/19/19 19:12,"521 Ridge St, San Francisco, CA 94016"
141874,Lightning Charging Cable,1,14.95,01/29/19 20:04,"960 North St, San Francisco, CA 94016"
141875,AA Batteries (4-pack),1,3.84,01/26/19 14:00,"896 Dogwood St, San Francisco, CA 94016"
141876,Apple Airpods Headphones,1,150,01/13/19 11:16,"81 Maple St, San Francisco, CA 94016"
141877,USB-C Charging Cable,1,11.95,01-01-2019 15:49,"441 South St, San Francisco, CA 94016"
141878,Apple Airpods Headphones,1,150,01/17/19 16:06,"652 Chestnut St, Atlanta, GA 30301"
141879,AA Batteries (4-pack),1,3.84,01/20/19 20:03,"595 South St, San Francisco, CA 94016"
141880,AAA Batteries (4-pack),2,2.99,01/31/19 01:21,"623 9th St, Dallas, TX 75001"
,,,,,
141881,AAA Batteries (4-pack),7,2.99,01/19/19 16:36,"563 Wilson St, Seattle, WA 98101"
141882,AA Batteries (4-pack),1,3.84,01-08-2019 22:08,"55 Lakeview St, Los Angeles, CA 90001"
141883,AA Batteries (4-pack),1,3.84,01/15/19 21:42,"320 River St, Dallas, TX 75001"
141884,Google Phone,1,600,01-08-2019 10:18,"74 1st St, Los Angeles, CA 90001"
141885,Wired Headphones,1,11.99,01-02-2019 13:18,"544 West St, Portland, OR 97035"
141886,iPhone,1,700,01-10-2019 06:37,"94 7th St, New York City, NY 10001"
141887,AAA Batteries (4-pack),2,2.99,01/13/19 13:41,"374 10th St, San Francisco, CA 94016"
141888,iPhone,1,700,01-09-2019 11:01,"17 Spruce St, Los Angeles, CA 90001"
141889,34in Ultrawide Monitor,1,379.99,01-12-2019 13:03,"12 Cedar St, Boston, MA 02215"
141890,Lightning Charging Cable,1,14.95,01/21/19 08:05,"962 Washington St, New York City, NY 10001"
141891,USB-C Charging Cable,1,11.95,01/31/19 22:14,"800 Lincoln St, Atlanta, GA 30301"
141892,AA Batteries (4-pack),2,3.84,01-06-2019 10:07,"888 Walnut St, San Francisco, CA 94016"
141893,AA Batteries (4-pack),1,3.84,01/23/19 16:19,"527 Lakeview St, New York City, NY 10001"
,,,,,
141894,Apple Airpods Headphones,1,150,01-12-2019 14:20,"40 Wilson St, New York City, NY 10001"
141895,AA Batteries (4-pack),3,3.84,01/18/19 17:37,"469 Lake St, Dallas, TX 75001"
141896,AA Batteries (4-pack),1,3.84,01/20/19 21:38,"455 14th St, San Francisco, CA 94016"
141897,Google Phone,1,600,01-06-2019 20:16,"658 10th St, Dallas, TX 75001"
141898,Flatscreen TV,1,300,01/15/19 13:17,"986 South St, New York City, NY 10001"
141899,AAA Batteries (4-pack),2,2.99,01-12-2019 22:33,"649 Pine St, Portland, OR 97035"
141900,Vareebadd Phone,1,400,01/18/19 09:53,"239 13th St, Seattle, WA 98101"
141900,USB-C Charging Cable,1,11.95,01/18/19 09:53,"239 13th St, Seattle, WA 98101"
141900,Wired Headphones,1,11.99,01/18/19 09:53,"239 13th St, Seattle, WA 98101"
141901,Google Phone,1,600,01/26/19 22:12,"942 Maple St, Boston, MA 02215"
141901,USB-C Charging Cable,1,11.95,01/26/19 22:12,"942 Maple St, Boston, MA 02215"
141902,Wired Headphones,1,11.99,01-06-2019 13:43,"706 Johnson St, New York City, NY 10001"
141903,ThinkPad Laptop,1,999.99,01/30/19 20:01,"550 Willow St, San Francisco, CA 94016"
141904,Apple Airpods Headphones,1,150,01-09-2019 18:03,"945 Chestnut St, New York City, NY 10001"
141905,USB-C Charging Cable,1,11.95,01-02-2019 07:10,"140 Cherry St, Los Angeles, CA 90001"
141906,AAA Batteries (4-pack),2,2.99,01/26/19 14:27,"59 Adams St, Seattle, WA 98101"
141907,USB-C Charging Cable,1,11.95,01/13/19 17:46,"812 13th St, Seattle, WA 98101"
141908,Apple Airpods Headphones,1,150,01/27/19 23:33,"613 8th St, Portland, OR 97035"
141909,AA Batteries (4-pack),2,3.84,01/17/19 16:29,"314 Center St, Portland, OR 97035"
141910,Vareebadd Phone,1,400,01/19/19 10:52,"831 9th St, New York City, NY 10001"
141910,Wired Headphones,1,11.99,01/19/19 10:52,"831 9th St, New York City, NY 10001"
141911,Lightning Charging Cable,1,14.95,01/20/19 14:35,"902 Elm St, Boston, MA 02215"
141912,Apple Airpods Headphones,1,150,01/23/19 19:41,"742 Adams St, San Francisco, CA 94016"
141913,AAA Batteries (4-pack),1,2.99,01/27/19 11:35,"380 Pine St, San Francisco, CA 94016"
141914,Bose SoundSport Headphones,1,99.99,01-05-2019 15:01,"420 5th St, San Francisco, CA 94016"
141915,AAA Batteries (4-pack),2,2.99,01/28/19 16:51,"576 Park St, Portland, OR 97035"
141916,Wired Headphones,1,11.99,01/26/19 14:03,"217 South St, Boston, MA 02215"
141917,AAA Batteries (4-pack),1,2.99,01/16/19 19:54,"415 1st St, Dallas, TX 75001"
141918,Bose SoundSport Headphones,1,99.99,01/21/19 17:04,"916 7th St, Atlanta, GA 30301"
141919,Wired Headphones,1,11.99,01-02-2019 12:55,"197 Ridge St, Boston, MA 02215"
141920,Wired Headphones,1,11.99,01/23/19 18:39,"741 Lakeview St, Boston, MA 02215"
141921,Lightning Charging Cable,1,14.95,01-07-2019 02:22,"164 Elm St, San Francisco, CA 94016"
141922,AA Batteries (4-pack),1,3.84,01-10-2019 11:05,"985 Lakeview St, Atlanta, GA 30301"
141923,Lightning Charging Cable,1,14.95,01/20/19 21:26,"556 South St, Austin, TX 73301"
141924,USB-C Charging Cable,1,11.95,01-09-2019 10:47,"497 4th St, Seattle, WA 98101"
141925,Lightning Charging Cable,1,14.95,01/17/19 10:24,"572 Hickory St, New York City, NY 10001"
141926,20in Monitor,2,109.99,01/23/19 22:09,"177 12th St, Los Angeles, CA 90001"
141927,27in FHD Monitor,1,149.99,01/31/19 21:37,"163 11th St, San Francisco, CA 94016"
141928,Apple Airpods Headphones,1,150,01-06-2019 14:01,"294 South St, Dallas, TX 75001"
141929,AA Batteries (4-pack),2,3.84,01-02-2019 14:42,"285 6th St, Boston, MA 02215"
141930,20in Monitor,1,109.99,01/18/19 14:21,"173 Church St, Los Angeles, CA 90001"
141931,USB-C Charging Cable,1,11.95,01-02-2019 13:31,"834 Wilson St, Boston, MA 02215"
141932,Lightning Charging Cable,1,14.95,01/24/19 18:49,"943 4th St, Atlanta, GA 30301"
141933,Wired Headphones,1,11.99,01/17/19 16:31,"307 Walnut St, Los Angeles, CA 90001"
141934,Flatscreen TV,1,300,01/19/19 15:56,"546 Johnson St, Portland, OR 97035"
141935,34in Ultrawide Monitor,1,379.99,01/17/19 20:12,"365 Dogwood St, New York City, NY 10001"
141936,Lightning Charging Cable,1,14.95,01/27/19 17:04,"339 Washington St, San Francisco, CA 94016"
141937,USB-C Charging Cable,1,11.95,01-02-2019 08:31,"131 South St, New York City, NY 10001"
141938,Macbook Pro Laptop,1,1700,01/16/19 16:34,"852 13th St, Los Angeles, CA 90001"
141939,34in Ultrawide Monitor,1,379.99,01-11-2019 14:36,"119 Walnut St, Dallas, TX 75001"
141939,Lightning Charging Cable,1,14.95,01-11-2019 14:36,"119 Walnut St, Dallas, TX 75001"
141940,Bose SoundSport Headphones,1,99.99,01/14/19 16:19,"548 River St, Los Angeles, CA 90001"
141941,20in Monitor,1,109.99,01/27/19 10:50,"469 Johnson St, Los Angeles, CA 90001"
141942,AAA Batteries (4-pack),1,2.99,01-06-2019 12:24,"968 Cedar St, San Francisco, CA 94016"
141943,Lightning Charging Cable,1,14.95,01-10-2019 23:06,"233 5th St, San Francisco, CA 94016"
141944,20in Monitor,1,109.99,01/31/19 18:04,"618 8th St, New York City, NY 10001"
141945,USB-C Charging Cable,1,11.95,01/26/19 14:12,"324 Wilson St, San Francisco, CA 94016"
141946,USB-C Charging Cable,1,11.95,01-11-2019 17:24,"731 Lake St, San Francisco, CA 94016"
141946,Wired Headphones,1,11.99,01-11-2019 17:24,"731 Lake St, San Francisco, CA 94016"
141947,Lightning Charging Cable,1,14.95,01/17/19 11:05,"770 5th St, San Francisco, CA 94016"
141947,Bose SoundSport Headphones,1,99.99,01/17/19 11:05,"770 5th St, San Francisco, CA 94016"
141948,27in FHD Monitor,1,149.99,01/24/19 14:04,"456 Meadow St, Los Angeles, CA 90001"
141949,USB-C Charging Cable,1,11.95,01-07-2019 06:43,"11 14th St, New York City, NY 10001"
141950,AAA Batteries (4-pack),1,2.99,01-01-2019 19:54,"374 8th St, Seattle, WA 98101"
141951,ThinkPad Laptop,1,999.99,01/16/19 06:54,"489 12th St, Boston, MA 02215"
141952,Lightning Charging Cable,1,14.95,01-04-2019 21:13,"551 Ridge St, Portland, OR 97035"
141953,Macbook Pro Laptop,1,1700,01-11-2019 10:03,"112 Maple St, Atlanta, GA 30301"
141954,Google Phone,1,600,01/28/19 17:05,"349 Wilson St, San Francisco, CA 94016"
141955,Lightning Charging Cable,1,14.95,01/26/19 15:04,"340 Washington St, Seattle, WA 98101"
141956,Flatscreen TV,1,300,01/18/19 17:55,"5 Jefferson St, Dallas, TX 75001"
141957,USB-C Charging Cable,2,11.95,01/25/19 20:06,"229 Hickory St, San Francisco, CA 94016"
141958,Lightning Charging Cable,1,14.95,01/16/19 15:23,"24 Lakeview St, Atlanta, GA 30301"
141959,Wired Headphones,1,11.99,01/26/19 20:31,"895 Cedar St, San Francisco, CA 94016"
141960,AA Batteries (4-pack),3,3.84,01-12-2019 18:02,"548 9th St, Boston, MA 02215"
141961,iPhone,1,700,01-12-2019 17:39,"512 Hickory St, Los Angeles, CA 90001"
141962,AA Batteries (4-pack),1,3.84,01/30/19 11:47,"915 Hill St, Boston, MA 02215"
141963,Bose SoundSport Headphones,1,99.99,01/24/19 11:13,"227 Wilson St, Dallas, TX 75001"
141964,AA Batteries (4-pack),1,3.84,01/21/19 12:36,"277 Washington St, Dallas, TX 75001"
141965,Google Phone,1,600,01-09-2019 13:55,"303 10th St, Boston, MA 02215"
141965,Wired Headphones,1,11.99,01-09-2019 13:55,"303 10th St, Boston, MA 02215"
141966,Lightning Charging Cable,1,14.95,01/15/19 17:43,"819 Jefferson St, Atlanta, GA 30301"
141967,iPhone,1,700,01/25/19 12:02,"397 Meadow St, Los Angeles, CA 90001"
141967,Wired Headphones,1,11.99,01/25/19 12:02,"397 Meadow St, Los Angeles, CA 90001"
141968,Flatscreen TV,1,300,01/15/19 19:50,"772 Madison St, Portland, ME 04101"
141969,27in FHD Monitor,1,149.99,01/15/19 22:50,"127 North St, Los Angeles, CA 90001"
141970,Apple Airpods Headphones,1,150,01-05-2019 13:06,"136 11th St, Boston, MA 02215"
141970,Lightning Charging Cable,1,14.95,01-05-2019 13:06,"136 11th St, Boston, MA 02215"
141971,34in Ultrawide Monitor,1,379.99,01/19/19 07:00,"219 Elm St, New York City, NY 10001"
141972,Google Phone,1,600,01/24/19 15:25,"52 Main St, San Francisco, CA 94016"
141972,iPhone,1,700,01/24/19 15:25,"52 Main St, San Francisco, CA 94016"
141973,AAA Batteries (4-pack),1,2.99,01/23/19 07:37,"612 Elm St, Atlanta, GA 30301"
141974,AAA Batteries (4-pack),1,2.99,01/23/19 20:54,"115 Main St, Los Angeles, CA 90001"
141975,AA Batteries (4-pack),1,3.84,01/18/19 21:53,"879 5th St, Boston, MA 02215"
141976,USB-C Charging Cable,1,11.95,01/15/19 09:41,"365 Forest St, San Francisco, CA 94016"
141977,27in FHD Monitor,1,149.99,01-09-2019 04:01,"353 Sunset St, Los Angeles, CA 90001"
141978,Wired Headphones,1,11.99,01/26/19 13:02,"181 Park St, Seattle, WA 98101"
141979,Flatscreen TV,1,300,01-08-2019 20:21,"761 South St, Portland, ME 04101"
141980,Bose SoundSport Headphones,1,99.99,01-05-2019 21:57,"294 Walnut St, San Francisco, CA 94016"
141981,20in Monitor,1,109.99,01-02-2019 22:10,"859 12th St, San Francisco, CA 94016"
141982,27in FHD Monitor,1,149.99,01-11-2019 15:57,"624 Highland St, Atlanta, GA 30301"
141983,27in 4K Gaming Monitor,1,389.99,01-05-2019 17:27,"350 South St, Portland, OR 97035"
141984,Vareebadd Phone,1,400,01/23/19 16:48,"451 11th St, Atlanta, GA 30301"
141985,Apple Airpods Headphones,1,150,01/26/19 19:48,"971 Center St, New York City, NY 10001"
141986,Lightning Charging Cable,1,14.95,01/31/19 14:21,"516 Pine St, San Francisco, CA 94016"
141987,Google Phone,1,600,01/29/19 16:56,"917 Adams St, San Francisco, CA 94016"
141988,Bose SoundSport Headphones,1,99.99,01/17/19 11:28,"833 11th St, Portland, OR 97035"
141989,Bose SoundSport Headphones,1,99.99,01/15/19 11:36,"756 Spruce St, New York City, NY 10001"
141990,USB-C Charging Cable,1,11.95,01/18/19 00:39,"581 14th St, Atlanta, GA 30301"
141991,AAA Batteries (4-pack),2,2.99,01-01-2019 19:51,"614 Wilson St, Boston, MA 02215"
141992,Bose SoundSport Headphones,1,99.99,01-02-2019 22:27,"882 Hickory St, Los Angeles, CA 90001"
141993,iPhone,1,700,01-06-2019 09:19,"422 Jackson St, Seattle, WA 98101"
141993,Wired Headphones,1,11.99,01-06-2019 09:19,"422 Jackson St, Seattle, WA 98101"
141994,Lightning Charging Cable,1,14.95,01-02-2019 08:47,"665 Church St, Dallas, TX 75001"
141995,AA Batteries (4-pack),1,3.84,01-11-2019 10:49,"152 South St, Austin, TX 73301"
141996,Lightning Charging Cable,1,14.95,01/20/19 20:53,"113 Center St, San Francisco, CA 94016"
141997,27in FHD Monitor,1,149.99,01/26/19 12:55,"191 Pine St, Portland, OR 97035"
141998,AAA Batteries (4-pack),3,2.99,01/26/19 19:19,"561 Madison St, San Francisco, CA 94016"
141999,27in FHD Monitor,1,149.99,01/24/19 08:21,"423 Church St, New York City, NY 10001"
,,,,,
142000,27in 4K Gaming Monitor,1,389.99,01/23/19 10:54,"957 Cherry St, Atlanta, GA 30301"
142001,AAA Batteries (4-pack),1,2.99,01/29/19 16:58,"566 Walnut St, Portland, ME 04101"
142002,27in FHD Monitor,1,149.99,01/20/19 21:45,"264 Pine St, San Francisco, CA 94016"
142003,Lightning Charging Cable,1,14.95,01/19/19 17:52,"334 9th St, San Francisco, CA 94016"
142004,Bose SoundSport Headphones,1,99.99,01-04-2019 09:04,"473 Johnson St, San Francisco, CA 94016"
142005,USB-C Charging Cable,1,11.95,01-06-2019 23:13,"713 Jackson St, Los Angeles, CA 90001"
142006,Bose SoundSport Headphones,1,99.99,01/23/19 13:46,"577 4th St, Boston, MA 02215"
142007,27in FHD Monitor,1,149.99,01-03-2019 12:54,"419 North St, Seattle, WA 98101"
142008,Wired Headphones,1,11.99,01/21/19 15:57,"160 Church St, San Francisco, CA 94016"
142009,iPhone,1,700,01/15/19 13:59,"411 11th St, San Francisco, CA 94016"
142010,iPhone,1,700,01-04-2019 06:28,"511 2nd St, Portland, OR 97035"
142010,Lightning Charging Cable,1,14.95,01-04-2019 06:28,"511 2nd St, Portland, OR 97035"
142011,Apple Airpods Headphones,1,150,01/18/19 09:36,"345 Walnut St, San Francisco, CA 94016"
142012,AAA Batteries (4-pack),2,2.99,01/27/19 13:42,"707 Ridge St, San Francisco, CA 94016"
142013,Bose SoundSport Headphones,1,99.99,01-08-2019 18:02,"662 10th St, Boston, MA 02215"
142014,Macbook Pro Laptop,1,1700,01-02-2019 20:41,"332 River St, Boston, MA 02215"
142015,Apple Airpods Headphones,1,150,01-01-2019 13:26,"205 1st St, Los Angeles, CA 90001"
142016,AAA Batteries (4-pack),2,2.99,01/13/19 21:47,"294 North St, San Francisco, CA 94016"
142017,27in 4K Gaming Monitor,1,389.99,01/22/19 14:17,"879 5th St, San Francisco, CA 94016"
142018,USB-C Charging Cable,1,11.95,01-09-2019 16:38,"378 Jefferson St, New York City, NY 10001"
142019,Lightning Charging Cable,1,14.95,01-03-2019 19:58,"811 2nd St, Dallas, TX 75001"
142020,USB-C Charging Cable,1,11.95,01-10-2019 08:33,"194 River St, Atlanta, GA 30301"
142021,Lightning Charging Cable,1,14.95,01-07-2019 09:39,"330 Lincoln St, San Francisco, CA 94016"
142022,AA Batteries (4-pack),1,3.84,01/27/19 09:14,"463 11th St, Atlanta, GA 30301"
142023,20in Monitor,1,109.99,01/29/19 20:02,"766 Maple St, San Francisco, CA 94016"
142023,Wired Headphones,1,11.99,01/29/19 20:02,"766 Maple St, San Francisco, CA 94016"
142024,AAA Batteries (4-pack),1,2.99,01/26/19 13:22,"779 Sunset St, San Francisco, CA 94016"
142025,Flatscreen TV,1,300,01/15/19 00:06,"688 9th St, Los Angeles, CA 90001"
142026,Google Phone,1,600,01/18/19 17:41,"470 Washington St, San Francisco, CA 94016"
142027,Wired Headphones,1,11.99,01/28/19 17:32,"941 Sunset St, Portland, ME 04101"
142028,AA Batteries (4-pack),1,3.84,01-09-2019 12:44,"48 South St, Los Angeles, CA 90001"
142029,20in Monitor,1,109.99,01-08-2019 12:39,"431 Cedar St, Los Angeles, CA 90001"
142030,AAA Batteries (4-pack),1,2.99,01-02-2019 13:45,"827 Lincoln St, Los Angeles, CA 90001"
142031,AA Batteries (4-pack),1,3.84,01-09-2019 23:38,"319 Hill St, Seattle, WA 98101"
142032,Flatscreen TV,1,300,01/14/19 09:14,"173 Jackson St, San Francisco, CA 94016"
142033,Apple Airpods Headphones,1,150,01/26/19 19:25,"758 Highland St, Los Angeles, CA 90001"
142034,Apple Airpods Headphones,1,150,01/16/19 10:27,"335 North St, San Francisco, CA 94016"
142035,iPhone,1,700,01/17/19 11:06,"890 North St, Atlanta, GA 30301"
142036,ThinkPad Laptop,1,999.99,01/26/19 19:20,"425 Willow St, Atlanta, GA 30301"
142037,iPhone,1,700,01-11-2019 21:48,"230 North St, Austin, TX 73301"
142037,Apple Airpods Headphones,1,150,01-11-2019 21:48,"230 North St, Austin, TX 73301"
142038,AAA Batteries (4-pack),3,2.99,01-07-2019 08:07,"975 Church St, Atlanta, GA 30301"
142039,Google Phone,1,600,01/31/19 16:13,"549 Cherry St, New York City, NY 10001"
142039,USB-C Charging Cable,3,11.95,01/31/19 16:13,"549 Cherry St, New York City, NY 10001"
142040,Lightning Charging Cable,1,14.95,01/30/19 20:38,"874 Church St, San Francisco, CA 94016"
142041,Lightning Charging Cable,1,14.95,01-09-2019 12:09,"166 5th St, Dallas, TX 75001"
142042,Lightning Charging Cable,2,14.95,01-07-2019 21:48,"461 Hill St, Boston, MA 02215"
142043,Flatscreen TV,1,300,01/22/19 12:55,"22 Washington St, Seattle, WA 98101"
142044,USB-C Charging Cable,1,11.95,01/19/19 12:50,"510 Madison St, Los Angeles, CA 90001"
142045,ThinkPad Laptop,1,999.99,01-07-2019 12:34,"902 Cherry St, San Francisco, CA 94016"
142046,Wired Headphones,2,11.99,01/20/19 19:40,"775 14th St, New York City, NY 10001"
142047,AA Batteries (4-pack),1,3.84,01/26/19 17:17,"896 Church St, San Francisco, CA 94016"
142048,Google Phone,1,600,01-04-2019 15:30,"628 11th St, Portland, OR 97035"
142048,Wired Headphones,1,11.99,01-04-2019 15:30,"628 11th St, Portland, OR 97035"
142049,AAA Batteries (4-pack),1,2.99,01-11-2019 12:56,"184 Sunset St, Portland, OR 97035"
142050,27in FHD Monitor,1,149.99,01/22/19 17:00,"581 West St, Portland, OR 97035"
142051,USB-C Charging Cable,1,11.95,01-04-2019 16:40,"269 Johnson St, Austin, TX 73301"
142052,Macbook Pro Laptop,1,1700,01-02-2019 17:26,"731 10th St, San Francisco, CA 94016"
142053,Apple Airpods Headphones,1,150,01/30/19 10:53,"424 South St, Seattle, WA 98101"
142054,Bose SoundSport Headphones,1,99.99,01-11-2019 19:29,"524 Spruce St, San Francisco, CA 94016"
142055,Bose SoundSport Headphones,1,99.99,01-05-2019 02:03,"781 Lakeview St, Austin, TX 73301"
142056,USB-C Charging Cable,1,11.95,01-08-2019 09:16,"342 Wilson St, Seattle, WA 98101"
142057,Google Phone,1,600,01-04-2019 11:15,"42 Madison St, New York City, NY 10001"
142058,iPhone,1,700,01/24/19 21:33,"621 12th St, Los Angeles, CA 90001"
142059,Macbook Pro Laptop,1,1700,01-08-2019 20:49,"486 South St, Los Angeles, CA 90001"
142060,Lightning Charging Cable,1,14.95,01/14/19 11:36,"754 13th St, New York City, NY 10001"
142061,AA Batteries (4-pack),1,3.84,01/18/19 19:56,"776 Center St, San Francisco, CA 94016"
142062,Wired Headphones,1,11.99,01/24/19 12:31,"930 Church St, San Francisco, CA 94016"
142063,AAA Batteries (4-pack),1,2.99,01-01-2019 17:45,"153 Willow St, Dallas, TX 75001"
142064,AA Batteries (4-pack),2,3.84,01-08-2019 19:52,"710 Cherry St, New York City, NY 10001"
142065,AAA Batteries (4-pack),2,2.99,01/24/19 01:17,"820 West St, San Francisco, CA 94016"
142066,27in 4K Gaming Monitor,1,389.99,01-01-2019 22:02,"110 Dogwood St, Seattle, WA 98101"
142067,27in FHD Monitor,1,149.99,01/30/19 09:23,"149 Ridge St, Los Angeles, CA 90001"
142068,27in 4K Gaming Monitor,1,389.99,01/28/19 23:09,"469 Elm St, Los Angeles, CA 90001"
142069,AAA Batteries (4-pack),2,2.99,01/22/19 11:42,"541 Maple St, Los Angeles, CA 90001"
142070,USB-C Charging Cable,1,11.95,01/13/19 16:12,"356 14th St, Portland, ME 04101"
142071,AA Batteries (4-pack),1,3.84,01/17/19 23:02,"131 2nd St, Boston, MA 02215"
142071,AA Batteries (4-pack),1,3.84,01/17/19 23:02,"131 2nd St, Boston, MA 02215"
,,,,,
142072,ThinkPad Laptop,1,999.99,01/16/19 19:57,"961 Church St, Dallas, TX 75001"
142073,Wired Headphones,1,11.99,01-05-2019 16:22,"237 Chestnut St, Portland, OR 97035"
142074,Bose SoundSport Headphones,1,99.99,01/25/19 20:51,"643 Elm St, Boston, MA 02215"
142075,Wired Headphones,1,11.99,01/19/19 16:20,"668 Maple St, San Francisco, CA 94016"
142076,Wired Headphones,1,11.99,01/29/19 16:11,"927 Johnson St, San Francisco, CA 94016"
142077,Apple Airpods Headphones,1,150,01/17/19 17:18,"912 9th St, Portland, OR 97035"
142078,AA Batteries (4-pack),1,3.84,01-09-2019 12:03,"37 Meadow St, Dallas, TX 75001"
142079,AA Batteries (4-pack),1,3.84,01-02-2019 17:17,"183 Park St, Dallas, TX 75001"
142080,USB-C Charging Cable,1,11.95,01-12-2019 22:52,"541 13th St, Portland, OR 97035"
142081,AAA Batteries (4-pack),1,2.99,01/29/19 17:13,"758 Forest St, San Francisco, CA 94016"
142082,AAA Batteries (4-pack),1,2.99,01/16/19 22:04,"396 Hill St, New York City, NY 10001"
142083,Macbook Pro Laptop,1,1700,01/20/19 17:46,"977 Jackson St, Portland, OR 97035"
142084,USB-C Charging Cable,3,11.95,01/14/19 13:57,"442 Washington St, Seattle, WA 98101"
142085,iPhone,1,700,01/26/19 18:52,"577 13th St, Los Angeles, CA 90001"
142085,Lightning Charging Cable,1,14.95,01/26/19 18:52,"577 13th St, Los Angeles, CA 90001"
142086,Lightning Charging Cable,1,14.95,01-05-2019 12:11,"440 Spruce St, Atlanta, GA 30301"
142087,27in 4K Gaming Monitor,1,389.99,01/24/19 14:52,"119 Dogwood St, San Francisco, CA 94016"
142088,Google Phone,1,600,01-12-2019 12:11,"43 Sunset St, Seattle, WA 98101"
142089,USB-C Charging Cable,1,11.95,01/15/19 10:36,"529 13th St, Seattle, WA 98101"
142090,Wired Headphones,1,11.99,01-06-2019 05:43,"940 Pine St, Portland, ME 04101"
142091,AAA Batteries (4-pack),1,2.99,01/21/19 10:13,"337 West St, San Francisco, CA 94016"
142092,Bose SoundSport Headphones,1,99.99,01/24/19 11:32,"473 Lincoln St, Los Angeles, CA 90001"
142093,Lightning Charging Cable,1,14.95,01/17/19 15:48,"342 Lake St, San Francisco, CA 94016"
142094,Wired Headphones,1,11.99,01/19/19 18:24,"396 South St, Boston, MA 02215"
142095,Apple Airpods Headphones,1,150,01/13/19 00:41,"528 Center St, Los Angeles, CA 90001"
142096,USB-C Charging Cable,1,11.95,01/22/19 18:00,"354 Hill St, Los Angeles, CA 90001"
142097,Lightning Charging Cable,1,14.95,01/17/19 20:58,"608 South St, Los Angeles, CA 90001"
142098,AA Batteries (4-pack),3,3.84,01/26/19 01:58,"295 Hickory St, Los Angeles, CA 90001"
142099,AA Batteries (4-pack),2,3.84,01/23/19 14:13,"389 South St, Dallas, TX 75001"
142100,Bose SoundSport Headphones,1,99.99,01-05-2019 11:53,"791 2nd St, New York City, NY 10001"
142101,iPhone,1,700,01/22/19 21:24,"608 8th St, Atlanta, GA 30301"
142102,AAA Batteries (4-pack),1,2.99,01/25/19 12:15,"427 Chestnut St, New York City, NY 10001"
142103,iPhone,1,700,01/28/19 19:12,"600 Center St, Boston, MA 02215"
142104,Apple Airpods Headphones,1,150,01/19/19 20:50,"184 Madison St, San Francisco, CA 94016"
142105,ThinkPad Laptop,1,999.99,01/31/19 13:34,"306 14th St, Portland, OR 97035"
142106,27in 4K Gaming Monitor,1,389.99,01-04-2019 18:51,"841 Walnut St, Dallas, TX 75001"
142107,Lightning Charging Cable,1,14.95,01-06-2019 17:22,"653 Lincoln St, Portland, ME 04101"
142108,LG Dryer,1,600,01/31/19 16:01,"183 Elm St, New York City, NY 10001"
142109,Macbook Pro Laptop,1,1700,01-08-2019 15:29,"551 13th St, Portland, ME 04101"
142110,USB-C Charging Cable,1,11.95,01/24/19 14:20,"277 Highland St, San Francisco, CA 94016"
142111,Lightning Charging Cable,1,14.95,01/23/19 22:49,"104 Cedar St, New York City, NY 10001"
142112,20in Monitor,1,109.99,01-01-2019 13:51,"625 Elm St, Boston, MA 02215"
142112,Bose SoundSport Headphones,1,99.99,01-01-2019 13:51,"625 Elm St, Boston, MA 02215"
142113,AAA Batteries (4-pack),3,2.99,01-10-2019 10:12,"198 Lakeview St, San Francisco, CA 94016"
142114,Bose SoundSport Headphones,1,99.99,01-09-2019 16:21,"838 Johnson St, San Francisco, CA 94016"
142115,Apple Airpods Headphones,1,150,01-11-2019 19:26,"547 2nd St, Austin, TX 73301"
142116,AA Batteries (4-pack),1,3.84,01-09-2019 18:54,"568 5th St, San Francisco, CA 94016"
142117,Macbook Pro Laptop,1,1700,01-08-2019 10:58,"305 Jefferson St, Boston, MA 02215"
142118,Bose SoundSport Headphones,1,99.99,01-12-2019 15:34,"818 West St, Seattle, WA 98101"
142119,USB-C Charging Cable,1,11.95,01-11-2019 09:13,"37 7th St, Atlanta, GA 30301"
142120,27in 4K Gaming Monitor,1,389.99,01-04-2019 04:20,"649 Spruce St, Atlanta, GA 30301"
142121,Wired Headphones,1,11.99,01/14/19 00:25,"37 South St, Atlanta, GA 30301"
142122,Apple Airpods Headphones,1,150,01-11-2019 23:06,"331 7th St, Portland, OR 97035"
142123,Lightning Charging Cable,1,14.95,01-02-2019 20:45,"253 14th St, San Francisco, CA 94016"
142124,AA Batteries (4-pack),2,3.84,01/28/19 13:11,"291 Lincoln St, San Francisco, CA 94016"
142125,Lightning Charging Cable,1,14.95,01/26/19 03:16,"841 7th St, Boston, MA 02215"
142126,AAA Batteries (4-pack),2,2.99,01/26/19 12:05,"41 7th St, San Francisco, CA 94016"
142127,Wired Headphones,1,11.99,01/14/19 09:20,"678 9th St, New York City, NY 10001"
142128,Google Phone,1,600,01/20/19 02:57,"752 2nd St, Austin, TX 73301"
142128,Bose SoundSport Headphones,1,99.99,01/20/19 02:57,"752 2nd St, Austin, TX 73301"
142128,Wired Headphones,2,11.99,01/20/19 02:57,"752 2nd St, Austin, TX 73301"
142129,Apple Airpods Headphones,1,150,01/31/19 18:09,"685 10th St, Atlanta, GA 30301"
142130,Google Phone,1,600,01/31/19 16:48,"640 11th St, Portland, OR 97035"
142131,AAA Batteries (4-pack),1,2.99,01/20/19 12:49,"250 12th St, Boston, MA 02215"
142132,USB-C Charging Cable,2,11.95,01-06-2019 22:35,"664 Maple St, Boston, MA 02215"
142133,USB-C Charging Cable,1,11.95,01/30/19 20:04,"164 5th St, Boston, MA 02215"
142134,Google Phone,1,600,01-01-2019 09:23,"734 River St, New York City, NY 10001"
142135,USB-C Charging Cable,1,11.95,01-06-2019 10:29,"358 Hill St, San Francisco, CA 94016"
142136,AA Batteries (4-pack),1,3.84,01-07-2019 09:58,"944 Ridge St, Seattle, WA 98101"
142137,AAA Batteries (4-pack),1,2.99,01/24/19 06:01,"789 13th St, Los Angeles, CA 90001"
142138,AA Batteries (4-pack),1,3.84,01-07-2019 09:03,"531 West St, Boston, MA 02215"
142139,AA Batteries (4-pack),2,3.84,01/17/19 08:09,"846 11th St, San Francisco, CA 94016"
142140,Lightning Charging Cable,1,14.95,01/24/19 19:29,"293 Hill St, Austin, TX 73301"
142141,Wired Headphones,1,11.99,01/29/19 17:15,"799 Hickory St, Atlanta, GA 30301"
142142,Wired Headphones,1,11.99,01/22/19 13:00,"804 Willow St, Seattle, WA 98101"
142143,USB-C Charging Cable,1,11.95,01-03-2019 11:44,"706 Elm St, San Francisco, CA 94016"
142144,Vareebadd Phone,1,400,01-04-2019 04:31,"399 Lincoln St, New York City, NY 10001"
142144,USB-C Charging Cable,1,11.95,01-04-2019 04:31,"399 Lincoln St, New York City, NY 10001"
142145,Apple Airpods Headphones,1,150,01/18/19 20:30,"899 6th St, San Francisco, CA 94016"
142145,USB-C Charging Cable,1,11.95,01/18/19 20:30,"899 6th St, San Francisco, CA 94016"
142146,AAA Batteries (4-pack),4,2.99,01-02-2019 17:39,"628 North St, New York City, NY 10001"
142147,27in 4K Gaming Monitor,1,389.99,01-09-2019 18:39,"799 Forest St, San Francisco, CA 94016"
142148,34in Ultrawide Monitor,1,379.99,01/24/19 02:46,"104 4th St, Los Angeles, CA 90001"
142149,AA Batteries (4-pack),3,3.84,01/15/19 11:45,"935 Main St, New York City, NY 10001"
142150,AA Batteries (4-pack),2,3.84,01/26/19 11:26,"728 Main St, Seattle, WA 98101"
142151,AA Batteries (4-pack),3,3.84,01/26/19 17:59,"384 4th St, San Francisco, CA 94016"
142152,Macbook Pro Laptop,1,1700,01-11-2019 17:31,"231 Washington St, San Francisco, CA 94016"
142153,Wired Headphones,1,11.99,01/23/19 12:53,"831 Dogwood St, Los Angeles, CA 90001"
142154,USB-C Charging Cable,1,11.95,01/13/19 09:51,"579 4th St, Atlanta, GA 30301"
142155,Apple Airpods Headphones,1,150,01/31/19 15:55,"423 Main St, Atlanta, GA 30301"
142156,34in Ultrawide Monitor,1,379.99,01-01-2019 08:16,"540 2nd St, San Francisco, CA 94016"
142157,Macbook Pro Laptop,1,1700,01-08-2019 09:02,"638 5th St, Portland, OR 97035"
142158,Wired Headphones,1,11.99,01/15/19 17:32,"797 Lincoln St, Boston, MA 02215"
142159,Wired Headphones,1,11.99,01/26/19 02:11,"429 Lake St, Boston, MA 02215"
142160,Wired Headphones,1,11.99,01-01-2019 11:57,"636 14th St, Los Angeles, CA 90001"
142161,Bose SoundSport Headphones,1,99.99,01/21/19 22:43,"330 Lake St, Dallas, TX 75001"
142162,27in FHD Monitor,1,149.99,01-06-2019 10:04,"671 Highland St, San Francisco, CA 94016"
142163,Apple Airpods Headphones,1,150,01-04-2019 21:54,"703 Walnut St, Dallas, TX 75001"
142164,USB-C Charging Cable,1,11.95,01/22/19 18:21,"509 11th St, Dallas, TX 75001"
142165,AA Batteries (4-pack),2,3.84,01/17/19 23:49,"749 Jackson St, Seattle, WA 98101"
142166,USB-C Charging Cable,1,11.95,01/24/19 15:27,"616 Johnson St, Boston, MA 02215"
142167,USB-C Charging Cable,1,11.95,01/24/19 20:06,"471 14th St, New York City, NY 10001"
142168,Lightning Charging Cable,1,14.95,01/21/19 11:49,"745 Jefferson St, Atlanta, GA 30301"
142169,AAA Batteries (4-pack),4,2.99,01/15/19 21:39,"398 Lakeview St, New York City, NY 10001"
142170,Wired Headphones,1,11.99,01/20/19 08:31,"663 12th St, Atlanta, GA 30301"
142171,Wired Headphones,1,11.99,01/16/19 10:11,"610 Sunset St, New York City, NY 10001"
142172,Apple Airpods Headphones,1,150,01/24/19 23:25,"491 Johnson St, Atlanta, GA 30301"
142173,iPhone,1,700,01-10-2019 13:29,"674 Lake St, Los Angeles, CA 90001"
142174,Lightning Charging Cable,1,14.95,01-10-2019 23:17,"338 Lake St, Boston, MA 02215"
142175,AAA Batteries (4-pack),1,2.99,01-12-2019 19:45,"221 Lake St, San Francisco, CA 94016"
142176,Apple Airpods Headphones,1,150,01-12-2019 13:08,"782 Highland St, San Francisco, CA 94016"
142177,Macbook Pro Laptop,1,1700,01/13/19 14:39,"754 1st St, Portland, ME 04101"
142178,AAA Batteries (4-pack),1,2.99,01-01-2019 12:59,"877 10th St, Seattle, WA 98101"
142179,ThinkPad Laptop,1,999.99,01/19/19 01:41,"585 Meadow St, San Francisco, CA 94016"
142180,USB-C Charging Cable,1,11.95,01/30/19 19:11,"455 Sunset St, Austin, TX 73301"
142181,27in FHD Monitor,1,149.99,01/17/19 18:30,"419 8th St, Boston, MA 02215"
142182,Wired Headphones,1,11.99,01-05-2019 15:56,"92 Highland St, New York City, NY 10001"
142183,34in Ultrawide Monitor,1,379.99,01-09-2019 12:13,"406 Johnson St, Boston, MA 02215"
142184,AAA Batteries (4-pack),2,2.99,01/23/19 13:15,"342 13th St, Los Angeles, CA 90001"
142185,Bose SoundSport Headphones,1,99.99,01/16/19 14:02,"208 West St, Boston, MA 02215"
142186,34in Ultrawide Monitor,1,379.99,01/30/19 18:42,"505 Wilson St, Los Angeles, CA 90001"
142187,20in Monitor,1,109.99,01/30/19 20:39,"903 Maple St, Portland, OR 97035"
142188,USB-C Charging Cable,1,11.95,01/25/19 13:49,"347 11th St, Los Angeles, CA 90001"
142189,USB-C Charging Cable,1,11.95,01-08-2019 11:46,"215 Jefferson St, Austin, TX 73301"
142190,34in Ultrawide Monitor,1,379.99,01/13/19 14:58,"356 Walnut St, San Francisco, CA 94016"
142191,20in Monitor,1,109.99,01-08-2019 15:41,"246 Chestnut St, San Francisco, CA 94016"
142192,Google Phone,1,600,01/28/19 12:39,"68 11th St, Boston, MA 02215"
142192,USB-C Charging Cable,1,11.95,01/28/19 12:39,"68 11th St, Boston, MA 02215"
142193,27in FHD Monitor,1,149.99,01-01-2019 09:08,"912 Cherry St, Boston, MA 02215"
142194,ThinkPad Laptop,1,999.99,01/26/19 17:21,"2 River St, Los Angeles, CA 90001"
142195,Apple Airpods Headphones,1,150,01-02-2019 12:38,"468 Jefferson St, Boston, MA 02215"
142196,AA Batteries (4-pack),1,3.84,01/27/19 17:45,"692 8th St, Portland, ME 04101"
142197,AA Batteries (4-pack),1,3.84,01/16/19 14:59,"642 Center St, San Francisco, CA 94016"
142198,AA Batteries (4-pack),2,3.84,01/24/19 11:54,"833 Walnut St, San Francisco, CA 94016"
142199,20in Monitor,1,109.99,01-05-2019 10:33,"568 Willow St, Dallas, TX 75001"
142200,Flatscreen TV,1,300,01/14/19 07:58,"381 Elm St, Seattle, WA 98101"
142201,AAA Batteries (4-pack),1,2.99,01/18/19 10:22,"996 Dogwood St, San Francisco, CA 94016"
142202,27in FHD Monitor,1,149.99,01/23/19 05:53,"581 Lakeview St, Dallas, TX 75001"
142203,Bose SoundSport Headphones,1,99.99,01-06-2019 08:31,"272 Johnson St, Seattle, WA 98101"
